uid	source	scene	sent	type	bucket	focalizer	context	text	guess_speaker	guess_conf	gold_speaker	target	checked	note
1_0	两匹狼的婚礼	1	0	action	物理	缪里	►小时候，我立志研读神学而离开出生的村庄。没钱也没人脉还大胆来到大学城市，作一个居无定所的流浪学生。有勇无谋到了极点，果不其然触礁了。但就在这个时候，我在神的引导下认识了堪称人生导师的人，造就今天的我。 ‖ 这段时间，我始终努力工作，也自认没有怠忽学业。 ‖ 当然，尽管还有很多缺失，我仍确切感受到自己的进步。	小时候，我立志研读神学而离开出生的村庄。没钱也没人脉还大胆来到大学城市，作一个居无定所的流浪学生。有勇无谋到了极点，果不其然触礁了。但就在这个时候，我在神的引导下认识了堪称人生导师的人，造就今天的我。	缪里	0.30	缪里			
1_3	两匹狼的婚礼	1	3	action	物理	缪里	小时候，我立志研读神学而离开出生的村庄。没钱也没人脉还大胆来到大学城市，作一个居无定所的流浪学生。有勇无谋到了极点，果不其然触礁了。但就在这个时候，我在神的引导下认识了堪称人生导师的人，造就今天的我。 ‖ 这段时间，我始终努力工作，也自认没有怠忽学业。 ‖ 当然，尽管还有很多缺失，我仍确切感受到自己的进步。 ‖ ►所以两个月前，我即使没有做好十成十的准备，也毅然决定离开温泉乡纽希拉，再度踏上远游之旅。 ‖ 虽然教会的种种问题造成社会混乱，旅程也很快就遇上风风雨雨，我仍在神的庇护下平安克服困难，人们也给了我意想不到的赞誉。最近这几天，我为愈来愈夸张的名声感到很为难，承受不起的同时，我瘦弱的肩也慢慢扛起了背负这名声的责任。 ‖ 必须在信仰之路上继续潜心修行，自我砥砺，才对得起人们的期望。	所以两个月前，我即使没有做好十成十的准备，也毅然决定离开温泉乡纽希拉，再度踏上远游之旅。	缪里	0.30	缪里			
1_24	两匹狼的婚礼	1	24	action	心理-推测	缪里	缪里是继承了狼血的女孩，有漂亮的狼耳和狼尾，有时我会因为她的耳尖钻到鼻孔里而醒来。看着狼耳随鼻息舒服地抽动，我忍不住吞吞口水。 ‖ 不是因为可爱少女、可爱的狼耳和她疏于防备的睡姿让我胡思乱想，就只是为了在坏预感让我叫出声之前拼命忍住而已。 ‖ “不会吧。” ‖ ►被子一掀，胸膛上的缪里就冷得缩身。狼尾随后不悦地摇动，看起来比平时还蓬松，在探入窗口的朝阳下闪闪发亮。 ‖ 更正，发亮的是尾巴抖出来，到处乱飘的毛才对。 ‖ “……我的天啊。”	被子一掀，胸膛上的缪里就冷得缩身。狼尾随后不悦地摇动，看起来比平时还蓬松，在探入窗口的朝阳下闪闪发亮。	缪里	0.40	缪里	赫萝		
1_54	两匹狼的婚礼	1	54	dialogue	anaphoric	缪里	“我在想喔，如果我们捡一只一样颜色的野狗回来，是不是就不用挑啦？” ‖ “咦？这样子──” ‖ 说到一半，我也哑了。 ‖ ►“尾巴的毛不管怎么洗，在这种时候也处理不完的啦。再说我也不敢保证睡着以后耳朵尾巴不会跑出来。” ‖ 缪里虽能自由收放耳朵尾巴，然而放出来才是自然状态，因此很容易在惊吓或愤怒时自己跑出来。 ‖ 既然睡着时容易跑出来，也就是恐怕要天天这样挑，她的想法是有点参考价值。	尾巴的毛不管怎么洗，在这种时候也处理不完的啦。再说我也不敢保证睡着以后耳朵尾巴不会跑出来。	缪里	0.55	缪里			
1_58	两匹狼的婚礼	1	58	action	心理-推测	缪里	缪里虽能自由收放耳朵尾巴，然而放出来才是自然状态，因此很容易在惊吓或愤怒时自己跑出来。 ‖ 既然睡着时容易跑出来，也就是恐怕要天天这样挑，她的想法是有点参考价值。 ‖ “如果我装成一个天真无邪的小女生，抱一只野狗宝宝进来，人家也不会生气吧？” ‖ ►竟然若无其事地讲这种话，不过她厚着脸皮抱小狗演戏的样子倒还不难想像。缪里就是很擅长这种事，作哥哥的我是不太乐见就是了。她母亲贤狼赫萝也是灵活运用她的威严和可爱，将丈夫罗伦斯的缰绳抓在手里，要勒要放要甩都随她高兴。缪里多半也继承了这一点吧。 ‖ 况且从被子挑狼毛这种事真的是没完没了。 ‖ “……话说回来，会那么刚好有这种小狗吗？”	竟然若无其事地讲这种话，不过她厚着脸皮抱小狗演戏的样子倒还不难想像。缪里就是很擅长这种事，作哥哥的我是不太乐见就是了。她母亲贤狼赫萝也是灵活运用她的威严和可爱，将丈夫罗伦斯的缰绳抓在手里，要勒要放要甩都随她高兴。缪里多半也继承了这一点吧。	缪里	0.40	缪里	赫萝		
2_2	两匹狼的婚礼	2	2	dialogue	unmarked	缪里	另外，在缪里面前坐成一排的野狗们之所以毛有点乱，是因为它们也和缪里一样正在换毛吧。感觉只要找到和缪里同色的狗，还真能混得过去。 ‖ “找得到吗？” ‖ ►“嗯……是不会有狗的毛跟我一样漂亮啦，不过它说有些颜色类似的狗会聚在一个地方，要帮我看一下。” ‖ 我不太懂野狗的习性，难道相近的自然会聚在一起吗。 ‖ “你看，那边不是有很多船过来吗？从世界各地搭那些船搬家到这里的人，不也是同乡的人会住在一起吗？”	嗯……是不会有狗的毛跟我一样漂亮啦，不过它说有些颜色类似的狗会聚在一个地方，要帮我看一下。	缪里	0.40	缪里			
2_4	两匹狼的婚礼	2	4	dialogue	unmarked	缪里	“找得到吗？” ‖ “嗯……是不会有狗的毛跟我一样漂亮啦，不过它说有些颜色类似的狗会聚在一个地方，要帮我看一下。” ‖ 我不太懂野狗的习性，难道相近的自然会聚在一起吗。 ‖ ►“你看，那边不是有很多船过来吗？从世界各地搭那些船搬家到这里的人，不也是同乡的人会住在一起吗？” ‖ 她是指比较大的城镇都一定会有的某某人街吧。既然这样说，倒也没错。 ‖ “所以他们从故乡带来的狗，也会在那里建立地盘？”	你看，那边不是有很多船过来吗？从世界各地搭那些船搬家到这里的人，不也是同乡的人会住在一起吗？	缪里	0.40	缪里			
2_55	两匹狼的婚礼	2	55	action	心理-推测	缪里	“你看，都这么破了。好想要新的喔。” ‖ “先把你咬汤匙的坏习惯改掉再说。还是说你要换铁汤匙？” ‖ “咦～！” ‖ ►狼都很讨厌铁制品。说到一半，附近的野狗似乎是发现缪里在这，有几只围了过来。它们像是来向缪里这头狼致敬，也像是被她手上香喷喷的食物引来。 ‖ “我不分喔。” ‖ 缪里把海盗盅抱到一边去，我戳戳她的小脑袋。	狼都很讨厌铁制品。说到一半，附近的野狗似乎是发现缪里在这，有几只围了过来。它们像是来向缪里这头狼致敬，也像是被她手上香喷喷的食物引来。	缪里	0.40	缪里	赫萝		
2_4	后日谈	2	4	action	物理	赫萝	主人拥有过这样的头衔，也曾经是个手腕高超的牧羊人。 ‖ 现在的主人在颇具规模的城镇担任祭司，引导聚集在教会的羔羊。 ‖ 这世上会发生什么事情，真是难以预料。 ‖ ►或许是托主人天性认真的福，她在祭典或仪式等严肃的场合，都会散发出端庄的气质，所以大致上都应付得有模有样。 ‖ 主人不仅能忍受饥饿寒冷，还能够以了不起的手腕彻底保护羊只不受狼或狐狸攻击。不知道是不是因为如此有骨气，开始在城镇定居后，我才发现主人意外地少根筋。 ‖ 日期、数字、人名、祷告文、仪式程序……对于这些事项的概略，主人的掌握程度可说有令人惊异的表现，在一些细节上却有所疏忽。	或许是托主人天性认真的福，她在祭典或仪式等严肃的场合，都会散发出端庄的气质，所以大致上都应付得有模有样。	赫萝	0.30	赫萝			
2_8	后日谈	2	8	dialogue	unmarked	赫萝	主人不仅能忍受饥饿寒冷，还能够以了不起的手腕彻底保护羊只不受狼或狐狸攻击。不知道是不是因为如此有骨气，开始在城镇定居后，我才发现主人意外地少根筋。 ‖ 日期、数字、人名、祷告文、仪式程序……对于这些事项的概略，主人的掌握程度可说有令人惊异的表现，在一些细节上却有所疏忽。 ‖ 如果没有我陪在身旁，主人还称不上能独当一面，真是伤脑筋啊。 ‖ ►“呃……衣服、食物，啊！还要带圣经比较好吧。还有祷告书也要……咦？鞋子也要多带几双比较好吧？可是，我以前根本没穿过什么鞋子……是要穿什么鞋子才好啊……” ‖ 主人一边用手抚顺留长到背部的金发，一边对着散乱的行李拼命做准备。主人拉出当初来到这城镇时穿的衣服，但衣服显然已经不合身，真不知道主人打算怎么处理。 ‖ 我在门旁感到疲惫地叹了口气，然后趴了下来。	呃……衣服、食物，啊！还要带圣经比较好吧。还有祷告书也要……咦？鞋子也要多带几双比较好吧？可是，我以前根本没穿过什么鞋子……是要穿什么鞋子才好啊……	赫萝	0.40	赫萝			
3_14	后日谈	3	14	action	心理-推测	艾普	“啊……呃……” ‖ 虽然还显得慌张，但以称职祭司之姿一路走来的主人，总算让思绪聚焦起来。主人咳了一声，重新振作精神，并挺直背脊露出笑容说： ‖ “咳。我是诺儿菈·爱伦。” ‖ ►虽然主人也长高了许多，但那个叫什么艾普的女子，还是足足高出主人一颗拳头。而且，除了身高之外，似乎还有别的因素让主人显得有些畏缩。这五年来主人身上多少长了一些肉，但与眼前这名如狼般的女子相比，有些部位还是看得出明显差距。 ‖ 或许，也是因为一边高高挺起胸膛，而另一边弓着背，才会有所影响吧。 ‖ 艾普身穿不用以调节体温、纯粹用来装饰的皮草旅行服装。打扮如贵族般的艾普把主人从头到脚看了一遍后，轻轻叹息说：	虽然主人也长高了许多，但那个叫什么艾普的女子，还是足足高出主人一颗拳头。而且，除了身高之外，似乎还有别的因素让主人显得有些畏缩。这五年来主人身上多少长了一些肉，但与眼前这名如狼般的女子相比，有些部位还是看得出明显差距。	艾普	0.40	艾普	赫萝		
3_20	后日谈	3	20	dialogue	anaphoric	艾普	“那家伙果然……” ‖ “咦？” ‖ 主人反问道。艾普用力眨了眨长长的睫毛后，这么说： ‖ ►“没事。看来衣食方面应该由我这边来负责比较好吧，如果你是怕晚上会寂寞，那就只要带圣经就好。如我信中所说，我们要去很多地方，而且今天就要出发喔。” ‖ 自称是艾普的女子只丢下这段话，便回到马车上去。 ‖ 被留在原地的主人愣了好一会儿后，转头望向了我。	没事。看来衣食方面应该由我这边来负责比较好吧，如果你是怕晚上会寂寞，那就只要带圣经就好。如我信中所说，我们要去很多地方，而且今天就要出发喔。	艾普	0.55	艾普			
5_12	后日谈	5	12	dialogue	anaphoric	艾普	正因为成功逃出了那里，主人才能够展露这般笑容。 ‖ “我原本是个牧羊人。” ‖ 艾普惊讶地抬起原本托着腮的头，然后再度盯着主人仔细地瞧。 ‖ ►“后来遇到他们两位……而得以脱离这个身份……虽然我很想这么说，但严格说起来，应该是我被卷入了一场骚动。呵呵。后者的说法可能比较正确吧。” ‖ 率直又认真到极点的主人，也总算能够这么轻描淡写地描述事情。那对狼与羊的二人组确实有一部分算是解救了我们，但最后其实只是害我们被卷入骚动而已。 ‖ “布朗小姐是在哪里认识他的呢？”	后来遇到他们两位……而得以脱离这个身份……虽然我很想这么说，但严格说起来，应该是我被卷入了一场骚动。呵呵。后者的说法可能比较正确吧。	赫萝	0.55	赫萝			
7_49	后日谈	7	49	action	心理-推测	狄安娜	“那，所以你有老公啰？” ‖ 听到艾普的话语后，狄安娜从我身上抬高视线。 ‖ “曾经有过。” ‖ ►毫无迟疑的简短回答，似乎说出狄安娜不知在脑中放映回忆的次数之多，甚至连回忆都开始磨损了。即使是散发出动物野性的艾普，也大概会愿意在这个瞬间，对狄安娜甘拜下风吧。 ‖ 狄安娜散发出一种甚至可以用诡异来形容的独特气氛，这样的她用白皙的手按住自己胸口，一副小女孩回想着昨晚秘密似的表情这么说： ‖ “所以，那两人来到这个城镇时……虽然我已经年纪不小了，却还是忍不住心跳加速。你们两位不也跟我一样吗？”	毫无迟疑的简短回答，似乎说出狄安娜不知在脑中放映回忆的次数之多，甚至连回忆都开始磨损了。即使是散发出动物野性的艾普，也大概会愿意在这个瞬间，对狄安娜甘拜下风吧。	狄安娜	0.40	狄安娜	艾普		
8_10	后日谈	8	10	action	心理-推测	狄安娜	艾普对那个笨男人似乎多少有些意思。 ‖ 或许真的就像狗啃骨头一样，艾普是去回味“让人受不了的男人”这句话。 ‖ 相对地，留在马车上的主人则是坐在椅子上，不停用手搧着自己的脸。除了醉酒之外，主人或许也陶醉于故事之中。狄安娜描述了有关一对怎么看都看得出彼此相爱，双方却不肯直率面对事实的男女，为了争夺其中一方而与情敌展开决斗的故事。 ‖ ►我还以为与我们相遇时，那两人早已确认了彼此的心意，看来那只狼似乎比想象中来得窝囊。不然就是因为那只羊实在过度毫无防备，让狼都犹豫起该不该展开攻击。 ‖ 反正呢，与情敌展开决斗的男人抱着粉身碎骨的决心，在城里四处奔走试图赢得决斗，但因为错过或想太多而引起不必要的骚动。 ‖ 最后，两人因为互相信任而携手合作，终于在决斗中获得胜利。不过，想到提出决斗要求的那一方，也不知道应该说他可怜，还是自作自受，总觉得是一个努力却得不到回报的故事。唯一值得庆幸的是，世上似乎还是有好人愿意接受这类的笨蛋。听说那个人如今已走出失恋阴霾，过着幸福的日子。	我还以为与我们相遇时，那两人早已确认了彼此的心意，看来那只狼似乎比想象中来得窝囊。不然就是因为那只羊实在过度毫无防备，让狼都犹豫起该不该展开攻击。	狄安娜	0.40	狄安娜	赫萝		
1_6	嫩绿色的小径	1	6	action	物理	赫萝	其中最喜欢的是—— ‖ 即使是在严寒的季节，偶尔也会有像春天般的好天气。 ‖ 没有一丝微风，如果是一动不动的话就能感觉到阳光的温暖。 ‖ ►即使对于时间就是金钱的商人来说，在这种天气下也会停下脚步，将马车驶下道路，选择一片没有被牛羊侵犯过的草地躺下。 ‖ 放置身旁的是少许的葡萄酒和黑麦面包。 ‖ 边眺望着天空边偶尔喝口葡萄酒。再咬一口黑麦面包。	即使对于时间就是金钱的商人来说，在这种天气下也会停下脚步，将马车驶下道路，选择一片没有被牛羊侵犯过的草地躺下。	赫萝	0.30	赫萝			
1_24	嫩绿色的小径	1	24	action	心理-推测	赫萝	但是，据说这片茂盛的森林在以前附近建造新的城市的时候因为大量的采伐树木所以现在的面积只有以前的一半。 ‖ 罗伦斯手中的地图连以前的森林的大小也标记了上去的，呈现出了过去存在于这个地域的这片森林的伟大之处。 ‖ 【怎么了？】 ‖ ►在货台上闲来无事的旅行伙伴赫萝似乎是因为察觉到了罗伦斯坐在赶车台上东张西望而开口这样问道。 ‖ 罗伦斯一转过身，就看见一身修道女打扮的赫萝正靠在货物上不老实的倒著头看着自己。 ‖ 【有伐木场哟。】	在货台上闲来无事的旅行伙伴赫萝似乎是因为察觉到了罗伦斯坐在赶车台上东张西望而开口这样问道。	赫萝	0.40	赫萝	罗伦斯		
1_54	嫩绿色的小径	1	54	dialogue	explicit	赫萝	但是，赫萝接下来说出口的话却是完全无关的问题。 ‖ 【那么，汝是很急着旅行吗？】 ‖ 躺在阳光明媚的草原上午睡，对于时间就是金钱的商人来说无疑是等动与自取灭亡的行为。 ‖ ►赫萝那就像是在问“会不会担搁行程”似的目光，或许有着就连能让历代的皇帝着迷的绝世美女也无法匹敌魅力。 ‖ 被赫萝这样一看罗伦斯反而觉得精神了起来。 ‖ 而且，赫萝露在外面的尾巴也像是希望能停留下来似的摇晃着。	会不会担搁行程	赫萝	0.90	赫萝			
1_130	嫩绿色的小径	1	130	action	心理-推测	赫萝	【你到底喝了多少酒呀，脸都红了】 ‖ 【…….没喝多少呗】 ‖ 赫萝即使喝了酒也不会从脸上表现出来，外表几乎不会发生什么变化。 ‖ ►但是，被罗伦斯拐弯抹角讽刺的赫萝似乎有些在意，甩开了罗伦斯的手肘用力的擦起脸来。 ‖ 【我还很期待在充满日光的草原上和你悠闲的喝一杯的】 ‖ 【咱没喝多少呢】	但是，被罗伦斯拐弯抹角讽刺的赫萝似乎有些在意，甩开了罗伦斯的手肘用力的擦起脸来。	赫萝	0.40	赫萝	罗伦斯		
1_149	嫩绿色的小径	1	149	action	心理-推测	赫萝	看来除了罗伦斯所走的这条路以外，森林里似乎还有好几条路存在。 ‖ 而且还是复杂的交叉在一起的。 ‖ 这样的话，或许在迷路之前回去要好些。 ‖ ►罗伦斯正在这样考虑著的时候，因为突然感觉到了有道似乎是要刺破自己脖子的目光而回头向后看去。 ‖ 【……至少咱不会喜欢这种话题】 ‖ 赫萝的尾巴不高兴的摇晃着。	罗伦斯正在这样考虑著的时候，因为突然感觉到了有道似乎是要刺破自己脖子的目光而回头向后看去。	赫萝	0.40	赫萝	罗伦斯		
1_160	嫩绿色的小径	1	160	dialogue	anaphoric	赫萝	尔后，当罗论斯提出想要再听一次时，赫萝的表情一瞬间凝固了。 ‖ 【咱是小孩子吗】 ‖ 【诶？】 ‖ ►【谈话时偶尔也会有听漏的时候。汝觉得遇到这种情况咱能轻易的说句“嗯，是的，确实是那样”就算了吗】 ‖ 赫萝刚一说完，车轮就碾到了树根“　啷”的一声摇晃了起来。 ‖ 罗伦斯赶忙慌张的转向前面，之后不久又再一次转过头去。	嗯，是的，确实是那样	赫萝	0.55	赫萝			
5_7	少年、少女与白花	5	7	action	物理	赫萝	稍微有点坐立不安之后，终于找到了舒服的姿势，舒了口气。 ‖ 周围非常安静，只听得到阿莉艾斯所发出的鼾声。 ‖ 以前在饲养家畜的小屋一角睡觉的时候，从来没有像这么安静的夜晚。 ‖ ►总是以家畜的食物残渣为目标而不断跑来跑去的老鼠，使得库拉斯理所当然地穿着衣服睡觉。还有眼睛会发出光芒并以老鼠为目标的蛇和猫头鹰之类的。当然夜晚的来客还不止这些。来抓鸡的狐狸，以及吃羊的狼也都会来。 ‖ 如果感到危险靠近的话，马会失去控制，鸡会大叫，老鼠会更加热闹地跑来跑去。 ‖ 但和阿莉艾斯度过的夜晚却是那样地安静，只能听见阿莉艾斯的鼾声。	总是以家畜的食物残渣为目标而不断跑来跑去的老鼠，使得库拉斯理所当然地穿着衣服睡觉。还有眼睛会发出光芒并以老鼠为目标的蛇和猫头鹰之类的。当然夜晚的来客还不止这些。来抓鸡的狐狸，以及吃羊的狼也都会来。	赫萝	0.55	赫萝			
5_11	少年、少女与白花	5	11	action	心理-自指	赫萝	如果感到危险靠近的话，马会失去控制，鸡会大叫，老鼠会更加热闹地跑来跑去。 ‖ 但和阿莉艾斯度过的夜晚却是那样地安静，只能听见阿莉艾斯的鼾声。 ‖ 而且即使到了早晨，也没有随意使唤自己的人，也没有怎么做也做不完的工作。对于睡觉来说，没有比这个更让人高兴的事了。 ‖ ►虽然突然被赶出屋邸，自己也感到很吃惊，但是却不明白其他的人为什么会那样惊慌失措和抱头痛哭呢。明明没有工作是件让人高兴的事。 ‖ 食物虽然不能说有很多，但在全部吃完之前一定能到达海边的吧。海里有很多的鱼，到时候只要捕鱼来吃就没问题了。如果可能的话就住在海边也不错。 ‖ 库拉斯不由地又开始考虑起来。阿莉艾斯看过鱼吗？最后得出的结论是：一定没有看过吧。那样的话不告诉她的话可不行。	虽然突然被赶出屋邸，自己也感到很吃惊，但是却不明白其他的人为什么会那样惊慌失措和抱头痛哭呢。明明没有工作是件让人高兴的事。	赫萝	0.30	赫萝			
5_15	少年、少女与白花	5	15	action	心理-自指	赫萝	食物虽然不能说有很多，但在全部吃完之前一定能到达海边的吧。海里有很多的鱼，到时候只要捕鱼来吃就没问题了。如果可能的话就住在海边也不错。 ‖ 库拉斯不由地又开始考虑起来。阿莉艾斯看过鱼吗？最后得出的结论是：一定没有看过吧。那样的话不告诉她的话可不行。 ‖ “鱼是即使在水里也不会溺水的生物”。那样想着的库拉斯忍不住偷笑了出来，真的是非常地安静。 ‖ ►之后，库拉斯觉得至少应该再睡一会，于是将乱七八糟的事从脑海里赶了出去。虽然很微弱，但确实听到了除了鼾声以外的声音。 ‖ “吨、吨、吨”这样很微弱的声音。 ‖ 大概是阿莉艾斯心脏跳动的声音吧。	之后，库拉斯觉得至少应该再睡一会，于是将乱七八糟的事从脑海里赶了出去。虽然很微弱，但确实听到了除了鼾声以外的声音。	赫萝	0.35	赫萝			
5_18	少年、少女与白花	5	18	action	心理-自指	赫萝	之后，库拉斯觉得至少应该再睡一会，于是将乱七八糟的事从脑海里赶了出去。虽然很微弱，但确实听到了除了鼾声以外的声音。 ‖ “吨、吨、吨”这样很微弱的声音。 ‖ 大概是阿莉艾斯心脏跳动的声音吧。 ‖ ►靠在阿莉艾斯柔软胸部上的库拉斯能很清楚地听见心脏跳动的声音，总觉得很不可思议。终于，库拉斯察觉到了一个奇怪的地方。 ‖ 声音是由一边的耳朵听到的，具体来说就是贴在草地上的右耳听到的。 ‖ 不断地传来“吨、吨、吨”的声音。	靠在阿莉艾斯柔软胸部上的库拉斯能很清楚地听见心脏跳动的声音，总觉得很不可思议。终于，库拉斯察觉到了一个奇怪的地方。	赫萝	0.35	赫萝			
7_114	少年、少女与白花	7	114	dialogue	anaphoric	赫萝	话说到一半，赫萝叹了口气后，用吃惊似的目光看了过来。 ‖ 库拉斯不由地低下了头。 ‖ 因为在视线所及之处都没有能避雨的地方。 ‖ ►“咱虽然是带着半分好玩的心态，跟踪在这既没有河流也没有泉水的地方赶路的两个人，但也未必没有考虑到会发生这样的事。” ‖ 既然赫萝都已经那样说了，看来她确实很生气。因为觉得害怕，库拉斯什么也没有说。 ‖ “话又说回来，如果要说奇怪的话，像汝俩这样相伴而行才叫奇怪呢。为什么两个小孩子会出来旅行？”	咱虽然是带着半分好玩的心态，跟踪在这既没有河流也没有泉水的地方赶路的两个人，但也未必没有考虑到会发生这样的事。	赫萝	0.55	赫萝			
7_116	少年、少女与白花	7	116	dialogue	anaphoric	赫萝	因为在视线所及之处都没有能避雨的地方。 ‖ “咱虽然是带着半分好玩的心态，跟踪在这既没有河流也没有泉水的地方赶路的两个人，但也未必没有考虑到会发生这样的事。” ‖ 既然赫萝都已经那样说了，看来她确实很生气。因为觉得害怕，库拉斯什么也没有说。 ‖ ►“话又说回来，如果要说奇怪的话，像汝俩这样相伴而行才叫奇怪呢。为什么两个小孩子会出来旅行？” ‖ 听见被说成是小孩，库拉斯终于向赫萝瞪了回去。 ‖ 赫萝虽然感觉上年纪要大一些，但是也没有到能被称呼为大人的程度。	话又说回来，如果要说奇怪的话，像汝俩这样相伴而行才叫奇怪呢。为什么两个小孩子会出来旅行？	赫萝	0.55	赫萝			
8_33	少年、少女与白花	8	33	dialogue	unmarked	赫萝	阿莉艾斯慌张地伸出两只手，就好像是接小孩般用胸部接住了面包。 ‖ 库拉斯更吃惊于赫萝的做法。 ‖ “居然扔食、食物——” ‖ ►“结成果实的麦粒不久之后将回归大地，这是自然的定理。那么，有什么理由不能将只是把麦粒磨成分而烤成的面包扔出去呢？” ‖ “诶……？” ‖ 虽然无意识地发出愚蠢声音的人是库拉斯，但是露出就像是被人捏住鼻子似的表情的阿莉艾斯却微微歪着脖子思考了起来，之后就像是愣住了似地点了点头。	结成果实的麦粒不久之后将回归大地，这是自然的定理。那么，有什么理由不能将只是把麦粒磨成分而烤成的面包扔出去呢？	赫萝	0.40	赫萝			
1_3	旅行商人与黯色的骑士	1	3	action	物理	罗伦斯	很不可思议地，无人居住的房子不需任何理由，就会以惊人的速度腐朽老化。 ‖ 房子的窗户会破裂，土质地面会凸起，屋顶会坍塌。 ‖ 这栋为可怜旅人遮风避雨的屋顶曾有着气派的外观，但如今就连在蒙蒙细雨之中，也显得摇摇欲坠。 ‖ ►可能是因为这栋石造建筑物的地基打得牢固，支撑建筑物四角的支柱周围部位，还看得出昔日住宅的影子。罗伦斯此刻正挤进支柱底下躲雨。 ‖ 碍于这样的状况，罗伦斯把载了货物的马车以及拉马车的马儿，分别安置在对面的支柱旁，以及隔壁栋的支柱旁。 ‖ 罗伦斯靠着墙壁坐在地上生火时，从破了洞的屋顶清楚看见阴沉沉的乌云。	可能是因为这栋石造建筑物的地基打得牢固，支撑建筑物四角的支柱周围部位，还看得出昔日住宅的影子。罗伦斯此刻正挤进支柱底下躲雨。	罗伦斯	0.55	罗伦斯			
1_21	旅行商人与黯色的骑士	1	21	dialogue	anaphoric	罗伦斯	火势也蔓延到了罗伦斯用短剑所削下的木屑，并顺利烧起木柴。过了没多久后，火堆便熊熊燃烧起来。 ‖ “话说回来，刚才真的是千钧一发。” ‖ 罗伦斯从木柴当中挑出带有树枝的木柴后，一边用短剑砍下树枝，一边说道。 ‖ ►“嗯。谁叫有个大笨驴商人把拒绝不了的笨重货物载在货台上，才会拖慢行程。咱差点就要被迫在雨中睡觉。” ‖ 赫萝先铺上抹过油的鞣皮，然后躺在鞣皮上这么说。 ‖ 几天前经过城镇时，罗伦斯因为拒绝不了认识的旅行商人之托，而把盐鲱渍鱼载在货台上。	嗯。谁叫有个大笨驴商人把拒绝不了的笨重货物载在货台上，才会拖慢行程。咱差点就要被迫在雨中睡觉。	赫萝	0.55	赫萝			
1_29	旅行商人与黯色的骑士	1	29	action	心理-自指	罗伦斯	“不过，也赚到了值得的利益。” ‖ 罗伦斯把树枝削尖，然后从货物里取出几尾盐渍鲱鱼，再用树枝从嘴巴刺起鲱鱼，一尾一尾地立在火堆四周。 ‖ 照物主给的条件，罗伦斯最多可以吃掉十尾鲱鱼。 ‖ ►难得有鱼可以吃，如果想要做点费工夫的料理，可以用树皮连同洋葱、蒜头奶油和鱼一起包裹，然后埋进土里，并在上方生火。经过一段时间后，只要挪开火堆再打开树皮，一道咸味十足又甘甜的蒸鱼料理即大功告成。 ‖ 罗伦斯今晚之所以没有这么做，是因为知道赫萝一旦吃了这样的料理，下次光是烤过的鱼就会满足不了她。 ‖ 好东西让人看了就会想要，吃了就忘不了。	难得有鱼可以吃，如果想要做点费工夫的料理，可以用树皮连同洋葱、蒜头奶油和鱼一起包裹，然后埋进土里，并在上方生火。经过一段时间后，只要挪开火堆再打开树皮，一道咸味十足又甘甜的蒸鱼料理即大功告成。	罗伦斯	0.35	罗伦斯			
1_46	旅行商人与黯色的骑士	1	46	dialogue	anaphoric	罗伦斯	赫萝会这么询问，并不是因为她有感而发或是缺乏常识。而是因为，在一眼望去空无一物的荒野上，居然会有样东西从大地上凸起。那感觉就像美丽光滑的肌肤上，突然冒出了一颗粉刺。 ‖ 只要看见了这样的建筑物，就算不是像赫萝这样隔了好几百年才离开村落麦田的人，也会有一样的疑问。 ‖ 罗伦斯两人用来躲雨的建筑物，正是被建盖在如粉刺般的凸起物上。 ‖ ►“话说回来，汝怎么会知道有这种地方？汝发现有可能下雨后，就像是认得路似地直接来到这里，不是吗？” ‖ 或许是舔了一阵盐巴后感到满足，赫萝从罗伦斯手边拿起刚削好的木棒这么说。 ‖ 罗伦斯才在想不知道赫萝打算做什么，便看见赫萝从还没用木棒串起的鲱鱼当中挑出最大的一尾鱼，然后用力把木棒插入鱼嘴。	话说回来，汝怎么会知道有这种地方？汝发现有可能下雨后，就像是认得路似地直接来到这里，不是吗？	赫萝	0.55	赫萝			
1_72	旅行商人与黯色的骑士	1	72	action	心理-推测	罗伦斯	“也不是这样子的……” ‖ 对罗伦斯来说，那是一段不大愿意与人分享的故事。 ‖ 尤其是对赫萝。 ‖ ►罗伦斯如果试图隐瞒，赫萝总会更带劲地想要挖出秘密，就连这般个性的赫萝，似乎也察觉到气氛不对。 ‖ 虽然赫萝乖乖表现出愿意罢手的态度，但耳朵显得落寞地垂了下来。 ‖ “汝总是不大愿意与咱分享过去的事情。”	罗伦斯如果试图隐瞒，赫萝总会更带劲地想要挖出秘密，就连这般个性的赫萝，似乎也察觉到气氛不对。	罗伦斯	0.40	罗伦斯	赫萝		
1_78	旅行商人与黯色的骑士	1	78	action	心理-推测	罗伦斯	说罢，赫萝伸出手拿起烤鱼。 ‖ 赫萝会这么说应该只是带着一些抱怨，而不是非得要听到故事不可的意思。 ‖ 尽管如此，看见赫萝这般表现还是让罗伦斯有些不忍心。 ‖ ►虽然鲱鱼应该还没烤熟，但似乎已经等不及的赫萝大口咬下烤鱼，并让盐巴就这么沾在脸颊上。帮赫萝擦去脸颊上的盐巴后，罗伦斯先这么说出开场白： ‖ “疲累的旅途中，听到好笑的故事会比较好吧？” ‖ “疲累时没有什么比口味重的东西更好。”	虽然鲱鱼应该还没烤熟，但似乎已经等不及的赫萝大口咬下烤鱼，并让盐巴就这么沾在脸颊上。帮赫萝擦去脸颊上的盐巴后，罗伦斯先这么说出开场白：	罗伦斯	0.40	罗伦斯	赫萝		
3_14	旅行商人与黯色的骑士	3	14	dialogue	unmarked	罗伦斯	在弗理德带路下，罗伦斯一边一起走着，一边观察四周状况时，忽然听到弗理德这么说。 ‖ 因为隐瞒也没有用，所以罗伦斯老实地回答： ‖ “老实说，我前天吃过饭后，就没再吃过东西了。” ‖ ►“嗯，原来是这样啊。那我招待起来会比较有成就感。就来准备刚切好的猪肉，还有……啊！对了，今天早上保罗那家伙在水道里生了鸡蛋……” ‖ 弗理德一边自言自语，一边走进建筑物内。 ‖ 虽然大家会说年纪大了就容易自言自语，但如果罗伦斯观察得没错，弗理德的表现应该是独居过久的人会有的特征。	嗯，原来是这样啊。那我招待起来会比较有成就感。就来准备刚切好的猪肉，还有……啊！对了，今天早上保罗那家伙在水道里生了鸡蛋……	罗伦斯	0.40	罗伦斯			
1_5	旅途余白	1	5	action	物理	赫萝	到头来不知该做何表情，只能盯着自己的脚尖看。 ‖ “那么，出发吧。” ‖ 随声抬头时，一切已准备就绪。 ‖ ►领路的祭司表情肃穆地行礼，其身后有两名男子各抱举一个人高的长杆，杆子顶端各有一面看似相当笨重的铁制徽记。他们后头还有六名男子左右排成两纵列，肩上扛着棺木。 ‖ “愿真主与圣灵降福天下苍生。” ‖ 祭司庄严地吟出祷词，一行人静静起步。沿路的针叶树底下，走出一张张困惑的脸孔。	领路的祭司表情肃穆地行礼，其身后有两名男子各抱举一个人高的长杆，杆子顶端各有一面看似相当笨重的铁制徽记。他们后头还有六名男子左右排成两纵列，肩上扛着棺木。	赫萝	0.30	赫萝			
2_93	旅途余白	2	93	action	心理-推测	罗伦斯	“哪里。这座温泉旅馆的卖点就是让客人笑着来笑着回去嘛。” ‖ 经营温泉旅馆与当个什么都能自己打理的旅行商人不同，辛苦得多了；然而只要身边有这样的助手，再多的苦都会化为无穷的喜悦。罗伦斯笑着点头，赫萝也像个少女似的笑了。 ‖ 下到一楼，赫萝便将脑袋挤进薄毛线帽里。尽管每个客人一天到晚都是醉醺醺的，好像无所谓，但还是不能让他们看见赫萝的耳朵。在纽希拉，知道赫萝身份的只有自家旅馆的人而已。 ‖ ►汉娜似乎是听见了脚步声，两人一进餐厅就替赫萝送饭过来。量不怎么多，只是相较于罗伦斯，肉的比例大过豆子不少，令人不禁莞尔。虽仍有还算年轻的自觉，一早就吃这么多肉还是令人吃不消。 ‖ 罗伦斯心里早已明白，自己与赫萝这寄宿于麦子的狼之化身，寿命有极大差距，让他深刻体会这点的机会也逐渐变多。 ‖ 思想上的理解，与生活中的实际体验完全是两回事。	汉娜似乎是听见了脚步声，两人一进餐厅就替赫萝送饭过来。量不怎么多，只是相较于罗伦斯，肉的比例大过豆子不少，令人不禁莞尔。虽仍有还算年轻的自觉，一早就吃这么多肉还是令人吃不消。	罗伦斯	0.40	罗伦斯	赫萝		
2_101	旅途余白	2	101	dialogue	anaphoric	罗伦斯	“嗯？” ‖ 注视赫萝以调皮少女的模样津津有味地啃肉时，这个赫萝慢慢地开口了。 ‖ “真正忙的是汝呗？现在人手不足，汝都忙得团团转呗？” ‖ ►“啊，这个嘛，还挺得住。再忙也忙不了多久了，况且我们也真的太依赖寇尔了点。既然他想出去见见世面，我哪有脸留他。” ‖ 十几年前，邂逅赫萝而在旅途中到处受无妄之灾牵连时，他们认识了一位名叫寇尔的少年。当时他是修习神学的流浪学生，年纪比判若豆蔻少女的赫萝更小。 ‖ 他如今也长成了与当时的自己相仿的青年啊。罗伦斯感到时间流逝的可怕。	啊，这个嘛，还挺得住。再忙也忙不了多久了，况且我们也真的太依赖寇尔了点。既然他想出去见见世面，我哪有脸留他。	赫萝	0.55	赫萝			
2_107	旅途余白	2	107	dialogue	unmarked	罗伦斯	同时，罗伦斯仍对于自己让曾经有志投身圣职的寇尔长期待在温泉旅馆工作有着不小愧疚。即使那是经过一番辗转曲折的结果。 ‖ 而某天，这个寇尔听了旅馆客人说的传闻后怎么也按捺不住，终于下定决心请求罗伦斯让他下山，罗伦斯当然是没有祝福他以外的选项。 ‖ “不过老实说……我很希望他能待到春天再走。” ‖ ►“嗯。唔咕、唔咕……嗯咕。这样也好，反正寇尔小鬼这个人怪老实的，要是错过那个机会，搞不好又会犹豫来犹豫去，踏不出那一步了。汝放手让他走的这个决定，咱觉得是一点也没错喔。” ‖ “听你这么说，我就好过多了。我实在不想妨碍前途看好的年轻人啊。” ‖ 罗伦斯也为自己的锡杯注酒，语气活像个龙钟老人，听得赫萝咯咯笑。	嗯。唔咕、唔咕……嗯咕。这样也好，反正寇尔小鬼这个人怪老实的，要是错过那个机会，搞不好又会犹豫来犹豫去，踏不出那一步了。汝放手让他走的这个决定，咱觉得是一点也没错喔。	罗伦斯	0.40	罗伦斯			
2_133	旅途余白	2	133	dialogue	anaphoric	罗伦斯	“呵呵。私奔对象是寇尔小鬼已经算不错了呗。” ‖ “又不一定是私奔！” ‖ 可是，罗伦斯就是忍不住想反驳，逗得赫萝和汉娜咯咯笑得更大声，让他好想找其他旅馆老板一起喝酒。 ‖ ►“再说啊，有心上人却硬把话憋在心里，又会有什么好处呢？以咱的女儿来说，咱倒还觉得她动作太慢了点呢。” ‖ 看来赫萝也替女儿着急过。 ‖ 但说到有话想说却憋在心里这点，赫萝应该也没立场说别人才对。罗伦斯回想起十几年前的旅程。当然，他很清楚挖苦赫萝会有什么后果，不会说出口。	再说啊，有心上人却硬把话憋在心里，又会有什么好处呢？以咱的女儿来说，咱倒还觉得她动作太慢了点呢。	赫萝	0.55	赫萝			
5_13	旅途余白	5	13	action	心理-推测	罗伦斯	“啊？” ‖ 大笨驴又在莫名其妙瞎扯了。赫萝投出怀疑的眼神，但罗伦斯却一副觉得这说不定真的有商机的表情说： ‖ “别惊讶，你有听过圣地巡礼吧？有的圣地是祭祀众所皆知的圣人，有的是祭祀对某些身体病痛特别灵验的圣人，例如眼疾。” ‖ ►赫萝兴趣缺缺地倒酒，不理会滔滔不绝的罗伦斯。大概是因为十年前的经验告诉她，这个人每次意气风发地大谈赚钱计划之后，泰半会惹得一身腥。 ‖ 只是，罗伦斯可无法将灵光憋在心里。 ‖ “既然大家都知道泡温泉对身体有益，不如直接请常来的圣职人员帮点忙，把这里封为圣地就好啦。没错没错，教会的教示里不也说过人间底下有个地狱，而中间有个叫炼狱的地方，只要在那里赎清了罪，即使该下地狱的人也能上天堂吗？相对地，天堂和人间之间也该有个不是天堂也不是人间的仙境，而那里就是我们纽希拉──”	赫萝兴趣缺缺地倒酒，不理会滔滔不绝的罗伦斯。大概是因为十年前的经验告诉她，这个人每次意气风发地大谈赚钱计划之后，泰半会惹得一身腥。	罗伦斯	0.40	罗伦斯	赫萝		
6_101	旅途余白	6	101	action	心理-推测	罗伦斯	“你可以尽管去追她──但这样讲其实有点不负责任。” ‖ 罗伦斯按住正要起身的卡姆，将手帕递给他。 ‖ “缪里那孩子的态度还不是很明确，所以我想她和寇尔到处游览之后，很可能突然就自个儿跑回来，好像什么事都没发生过一样。” ‖ ►一想像多半正在偷听的赫萝表情，罗伦斯就不禁苦笑，不过他真的是觉得可能不低。毕竟他怎么也不认为寇尔会不知会他就与缪里进一步发展。 ‖ “你只要在那之前成为一个真正的男人就行了，到时候再正式……正式……” ‖ 来跟缪里求婚。在罗伦斯怎么也说不出这几个字时，卡姆抓紧手帕大声说道：	一想像多半正在偷听的赫萝表情，罗伦斯就不禁苦笑，不过他真的是觉得可能不低。毕竟他怎么也不认为寇尔会不知会他就与缪里进一步发展。	罗伦斯	0.40	罗伦斯	赫萝		
1_0	狼与一身泥的送行狼	1	0	action	物理	赫萝	►远处传来的击木声，与载货马车车轮声、骡马嘶鸣掺在一块儿，不时还有些人们忙碌的吆喝。若闭上眼，多半会以为自己人在城镇的工地里吧。 ‖ 这样的喧噪，让人扎实感到冬天真的要结束了。 ‖ 在这个晴朗无风的和平日子，远离尘嚣的山村纽希拉正准备洗去累积整个冬天的尘垢而热闹非凡。	远处传来的击木声，与载货马车车轮声、骡马嘶鸣掺在一块儿，不时还有些人们忙碌的吆喝。若闭上眼，多半会以为自己人在城镇的工地里吧。	赫萝	0.30	赫萝			
1_3	狼与一身泥的送行狼	1	3	dialogue	unmarked	赫萝	远处传来的击木声，与载货马车车轮声、骡马嘶鸣掺在一块儿，不时还有些人们忙碌的吆喝。若闭上眼，多半会以为自己人在城镇的工地里吧。 ‖ 这样的喧噪，让人扎实感到冬天真的要结束了。 ‖ 在这个晴朗无风的和平日子，远离尘嚣的山村纽希拉正准备洗去累积整个冬天的尘垢而热闹非凡。 ‖ ►“卢米欧尼金币？有二十……十九枚没错吧。德堡银币，七十三枚。迪普铜币有一堆、两堆……总共六百枚没错吧？都秤过了吗？” ‖ 不断有人进出的村落集会所，弥漫着生锈金属的气味。每个人手都提着布袋，重重摆上房中央的长桌，解开束口绳倒出来，里头全是种类繁多的货币。 ‖ “那么，阿雷兹先生的份都在这里了没错吧？”	卢米欧尼金币？有二十……十九枚没错吧。德堡银币，七十三枚。迪普铜币有一堆、两堆……总共六百枚没错吧？都秤过了吗？	赫萝	0.40	赫萝			
1_39	狼与一身泥的送行狼	1	39	action	心理-推测	赫萝	若是前一阵子，来接人的应该会是长相和赫萝一个样的独生女缪里吧。可是她不晓得遗传到谁，偷跑出去旅行了。 ‖ “咱怕丢著汝一个人，会寂寞得哭着回家嘛。” ‖ 赫萝说完就把酒桶推过来。罗伦斯一拔栓，扑鼻而来的蜂蜜酒香就熏得他胃用力一缩，想起自己打从起床到现在什么也没吃。吞进一口，甜得腻人的酒使疲惫的躯体重获新生。无论赫萝嘴上怎么说，心里总是先为罗伦斯着想。 ‖ ►再说，赫萝才是真正寂寞的人吧。冬天结束后温泉旅馆就没生意了，长年分担劳务的寇尔寄旅他乡，独生女缪里也跟他跑了；虽然后来来了个奇特的客人能解点闷，不过他也在前几天回去了。假如她是受不了整天独守空荡荡的温泉旅馆才跑来的，那真是太可爱了。罗伦斯稍微用力地搂住赫萝似乎靠得比平时紧的瘦小身躯。 ‖ “话说旁边仓库堆得可真满啊，货币也像宝山一样。” ‖ “是啊，你是第一次见到吧。”	再说，赫萝才是真正寂寞的人吧。冬天结束后温泉旅馆就没生意了，长年分担劳务的寇尔寄旅他乡，独生女缪里也跟他跑了；虽然后来来了个奇特的客人能解点闷，不过他也在前几天回去了。假如她是受不了整天独守空荡荡的温泉旅馆才跑来的，那真是太可爱了。罗伦斯稍微用力地搂住赫萝似乎靠得比平时紧的瘦小身躯。	赫萝	0.40	赫萝	缪里		
1_43	狼与一身泥的送行狼	1	43	dialogue	anaphoric	赫萝	“话说旁边仓库堆得可真满啊，货币也像宝山一样。” ‖ “是啊，你是第一次见到吧。” ‖ 若非有事，赫萝鲜少离开温泉旅馆。不仅是因为赫萝不是人类不会变老，没事最好别抛头露面，其次则单纯是不爱出门而已。 ‖ ►“今年好像特别多呢……之前每年都是看人在忙，现在才知道做起来这么累，吓我一跳。今天真的是忙到头昏眼花，想到后面几天也要这样就会怕。” ‖ 罗伦斯苦笑着喝口酒后，赫萝又笑了。 ‖ “怎么啦？”	今年好像特别多呢……之前每年都是看人在忙，现在才知道做起来这么累，吓我一跳。今天真的是忙到头昏眼花，想到后面几天也要这样就会怕。	罗伦斯	0.55	罗伦斯			
1_65	狼与一身泥的送行狼	1	65	action	心理-推测	赫萝	今天会忙得这么累，也是因为没多少年轻人能替他打杂的缘故。 ‖ 即使有交情不错的旅馆老板赛勒斯之子卡姆来帮忙，还是忙得不可开交。 ‖ 清点眼前一大堆货币的途中，“有寇尔在就好了”的念头不知有过多少次。不然假如女儿缪里还在村里，也能协助收取及整理邻近聚落运来村里的货物。 ‖ ►然而，这两个人却结伴出游了。原本只有寇尔一个上路，结果淘气的缪里似乎是躲进行李中偷跟过去了。赫萝常笑他当爸当傻了，可是那怎么能教人不担心呢。即使寇尔是个正人君子，缪里还是跟男人单独外出啊！ ‖ “要是我们家两个年轻人都在……” ‖ 这句话有很多意思，而赫萝很善良地往好的方面解释。	然而，这两个人却结伴出游了。原本只有寇尔一个上路，结果淘气的缪里似乎是躲进行李中偷跟过去了。赫萝常笑他当爸当傻了，可是那怎么能教人不担心呢。即使寇尔是个正人君子，缪里还是跟男人单独外出啊！	赫萝	0.40	赫萝	缪里		
1_71	狼与一身泥的送行狼	1	71	dialogue	anaphoric	赫萝	“汝最近懒散很多呢，偶尔做点粗活对汝也好呗。” ‖ 赫萝边戳他腹侧边说。 ‖ 虽说温泉旅馆老板有副双下巴和大肚腩比较有架式，可是赫萝不喜欢那样，罗伦斯平时生活饮食也很节制，顶多留了点胡子，好让人觉得成熟可靠罢了。 ‖ ►“话是没错，不过要是他们一去就是个把年，不请人真的会累坏啊。等到下一个旺季，只靠我一个实在撑不起整间旅馆。” ‖ 接着，罗伦斯补充道： ‖ “当然还要加上你的针线，还有汉娜的厨艺。”	话是没错，不过要是他们一去就是个把年，不请人真的会累坏啊。等到下一个旺季，只靠我一个实在撑不起整间旅馆。	罗伦斯	0.55	罗伦斯			
1_111	狼与一身泥的送行狼	1	111	action	心理-推测	赫萝	在每天一大清早打扫旅馆门面，心想今天天气如何而仰望的天空彼端，还有着这样的世界。而且现在正风起云涌地往新时代变迁。 ‖ 若是从前，早就迫不及待地想跳上船了吧。 ‖ “偶尔呼吸一下冒险的空气或许也不错。” ‖ ►藉以养精蓄锐，回来投注在旅馆生意上，如果能找到可以请回来帮忙的人就更好了。罗伦斯只是稍微单纯那么想，但赫萝听起来似乎不是那么回事。 ‖ 罗伦斯是在经过几天忙碌，即将前往斯威奈尔时才发现的。 ‖ 在一个阳光刺眼的大晴天，罗伦斯检查要带去镇上的行李，并与各家旅馆老板确认采购清单内容等物，最后将马系上马车准备出发时，有个人跳上了驾座。	藉以养精蓄锐，回来投注在旅馆生意上，如果能找到可以请回来帮忙的人就更好了。罗伦斯只是稍微单纯那么想，但赫萝听起来似乎不是那么回事。	赫萝	0.40	赫萝	罗伦斯		
1_7	狼与另一个生日	1	7	action	物理	罗伦斯	他们这么开心，不只是因为酒。 ‖ 今天聚在这里，是为了向这间旅馆道贺。 ‖ “那么，失礼了。” ‖ ►满大厅喝酒谈笑的人，目光聚集在旅馆老板罗伦斯身上。以旅行商人起家的他开设的旅馆今年届满十周年，谈吐举止已经完全是个旅馆老板了。 ‖ 罗伦斯穿过大厅中央，而头发剃得刺刺短短，像头野兽的鲁华跟在背后。 ‖ 鲁华是北方地区无人不晓的勇猛佣兵团团长，今天他恭敬地双手捧著一块红布，布上有个小小的东西。	满大厅喝酒谈笑的人，目光聚集在旅馆老板罗伦斯身上。以旅行商人起家的他开设的旅馆今年届满十周年，谈吐举止已经完全是个旅馆老板了。	罗伦斯	0.55	罗伦斯			
2_71	狼与另一个生日	2	71	dialogue	unmarked	缪里	遭日常生活掩埋的记忆重见天日。寇尔瞑目回想当时的种种，不禁莞尔。 ‖ 但缪里似乎觉得自己遭到冷落，不满地晃晃身体。 ‖ “然后呢？大哥哥然后呢？” ‖ ►“喔，对不起。然后等到旅馆大致完工的时候，我们找了很多亲朋好友来庆祝。屋檐下不是有一块招牌吗？就是在当时挂上去的。” ‖ “是喔～大哥哥，那时候我在吗？” ‖ 或许是讲她出生以前的事，她很好奇自己什么时候登场。	喔，对不起。然后等到旅馆大致完工的时候，我们找了很多亲朋好友来庆祝。屋檐下不是有一块招牌吗？就是在当时挂上去的。	缪里	0.40	缪里			
2_81	狼与另一个生日	2	81	dialogue	anaphoric	缪里	“真的吗！” ‖ 她猛然回头，害寇尔为绑辫子而分成三股的头发从手中溜走。 ‖ 寇尔默默地把缪里转回前方，说道： ‖ ►“真的啦。那是赫萝小姐很久以前伙伴的名字，在罗伦斯先生他们经历那场大冒险时，帮了他们很多的鲁华先生的佣兵团，也是用这个名字。还记得那时候是一讲出来，大家马上就同意了。” ‖ “哼～嘿……嘿嘿嘿。” ‖ 知道自己名字的由来，让缪里开心得不得了，裙摆下露出的毛茸茸尾巴左摇右晃。	真的啦。那是赫萝小姐很久以前伙伴的名字，在罗伦斯先生他们经历那场大冒险时，帮了他们很多的鲁华先生的佣兵团，也是用这个名字。还记得那时候是一讲出来，大家马上就同意了。	缪里	0.55	缪里			
2_119	狼与另一个生日	2	119	dialogue	unmarked	缪里	只会哭着讨奶吃的时期，几乎是赫萝在带，寇尔只会在她或罗伦斯挪不出手时帮忙。襁褓中的缪里，真是可爱到不行。 ‖ 要说哪里特别累人嘛，就只有还是婴儿的她不会隐藏继承自赫萝的兽耳兽尾，需要避人耳目而已。 ‖ 然而等到她能自力爬行，用两条腿站起来以后，事情就不是可爱那么简单了。 ‖ ►“狂风过境说的，就是你这样。抓到东西就丢啊砸的，稍微一不注意就不晓得跑到哪里去，害大家找得都快急死了，结果你老是自己在非常莫名其妙的地方睡得很安稳。” ‖ “……” ‖ 听寇尔说她不记得的惊人行径，缪里不认账地别开眼睛。	狂风过境说的，就是你这样。抓到东西就丢啊砸的，稍微一不注意就不晓得跑到哪里去，害大家找得都快急死了，结果你老是自己在非常莫名其妙的地方睡得很安稳。	赫萝	0.40	赫萝			
2_130	狼与另一个生日	2	130	action	心理-自指	缪里	那对缪里来说似乎有点难为情，羞得脸红缩头。 ‖ “才、才没有咧。我已经不是小宝宝了。” ‖ “就是说啊，缪里都长这么大了。” ‖ ►后来十年光阴过去，历经无数责骂、惊魂、大笑，终于要以成年女性之姿在众人面前亮相。想到她以后就不会跟前跟后大哥哥长大哥哥短的，就觉得有点寂寞。 ‖ 现在就这么不舍，到出嫁那天不晓得会多惨喔。寇尔暗暗自嘲。 ‖ “来，头发快绑完了，坐正。”	后来十年光阴过去，历经无数责骂、惊魂、大笑，终于要以成年女性之姿在众人面前亮相。想到她以后就不会跟前跟后大哥哥长大哥哥短的，就觉得有点寂寞。	缪里	0.30	缪里			
2_209	狼与另一个生日	2	209	action	心理-自指	缪里	“缪里，这就是你一定要改的地方。” ‖ 缪里转过头来，戏谑地吐吐舌头，笑得好不开心。 ‖ 寇尔无奈叹息，但他不讨厌缪里这个样子。 ‖ ►进了走廊，便能清楚听见楼下的喧噪，全都是为前旅行商人与冠上贤字的狼所打造的温泉旅馆，祝贺它值得纪念的日子。此刻，新诞生的小淑女就要来到他们面前。以兄长自居的寇尔牵着缪里的手，心里满是欣喜。 ‖ 但或许是这个缘故吧。 ‖ 他没注意到身旁缪里的笑容。	进了走廊，便能清楚听见楼下的喧噪，全都是为前旅行商人与冠上贤字的狼所打造的温泉旅馆，祝贺它值得纪念的日子。此刻，新诞生的小淑女就要来到他们面前。以兄长自居的寇尔牵着缪里的手，心里满是欣喜。	罗伦斯	0.55	罗伦斯			
2_216	狼与另一个生日	2	216	action	心理-自指	缪里	寇尔没笑她态度怎么变这么快。如同蛹突然就会化为蝴蝶，女孩也是说变就变吧。 ‖ “好啊，没问题。” ‖ 缪里开心地缩起脖子，倚上肩膀。 ‖ ►下楼亮相，使得已经很吵闹的大厅更为鼎沸。在众人夸到快飘起来的缪里身旁，寇尔纯粹为她的成长感到喜悦。 ‖ 所以在这之后，他继续当了好一阵子的木头。 ‖ 没注意到小狼心怀里那明确诞生的情感。以及那银狼的鬼脑筋和思虑之周全。	下楼亮相，使得已经很吵闹的大厅更为鼎沸。在众人夸到快飘起来的缪里身旁，寇尔纯粹为她的成长感到喜悦。	缪里	0.55	缪里			
1_1	狼与宝石之海	1	1	action	物理	罗伦斯	倘若化身飞鸟从空中俯瞰这座城镇，想必能见到一副金黄色与茶色交织的绒毯上菇蕈丛生的模样。撒罗尼却和谈亚这座地处内陆，因商品交易而兴盛的市镇，大略就是这副模样。 ‖ ►这里曾是临近农村的居民聚集起来交换农产品的空地，某一日却出现了一名浮浪的圣职者。自从他在此处搭建起茅庵，人们便不再前往远方的教会而转往这里。接着，瞄准这些人群的商人们出现了，市集出现了，旅舍也出现了，最终便发展成为一座市镇。 ‖ 如今此处以每年两次举行的大集市而闻名，今年秋季的大市也格外热闹。 ‖ 然而乍看之下盛况一如往常的大集市实则抱着巨大的问题，已经到了步履维艰的地步，甚至还有人因此被投入牢狱中。	这里曾是临近农村的居民聚集起来交换农产品的空地，某一日却出现了一名浮浪的圣职者。自从他在此处搭建起茅庵，人们便不再前往远方的教会而转往这里。接着，瞄准这些人群的商人们出现了，市集出现了，旅舍也出现了，最终便发展成为一座市镇。	罗伦斯	0.30	罗伦斯			
1_16	狼与宝石之海	1	16	action	心理-推测	罗伦斯	罗伦斯在她身旁追着赫萝的视线看完同一段文字后，却只能苦笑着说。 ‖ “为什么在你身上花费的笔墨比我的还要多啊？” ‖ “咱可是贤狼赫萝。写这文书的人倒是颇有眼力呐。” ‖ ►看起来虽是年轻的少女，但赫萝实际上顶着一对三角形的兽耳，腰间还垂着毛茸茸的尾巴，其真面目是高龄或许有数百岁的狼之化身。 ‖ 以一介温泉旅馆主人的身份，的确很难与这位曾被人类当作神明供奉的存在相竞争，然而她得意洋洋的表情却也真的如少女一般。 ‖ 赫萝的兴趣是孜孜不倦地把每日发生的大小事件记录到她的日记中，不过别人写下的记录和自己的相比，好像还是有很不同的风味。	看起来虽是年轻的少女，但赫萝实际上顶着一对三角形的兽耳，腰间还垂着毛茸茸的尾巴，其真面目是高龄或许有数百岁的狼之化身。	罗伦斯	0.40	罗伦斯	赫萝		
1_31	狼与宝石之海	1	31	action	心理-推测	罗伦斯	抓住她的手之后，赫萝随即露出了毫无愧色的笑脸。 ‖ 从她露出这种表情的那一刻起，自己就已经输了。 ‖ 果然正如地方志上的记载啊。罗伦斯在心中笑了笑，同赫萝一起走出了旅舍的房间。 ‖ ►来到教会返还赫萝借去的地方志手稿时，似乎正逢礼拜结束的当口。人们三三两两地从教会中走出，其中好几位商人都认出了罗伦斯，并且对他轻轻抬起帽子行礼致意。自己似乎彻底成了镇上的名人——这种想法让他心里有些痒痒的，不过身旁的赫萝倒很是得意。 ‖ 她挺着胸，大概是在表示“多亏有咱，你这大笨驴才能经得过那些难关。” ‖ “哎呀，罗伦斯先生。”	来到教会返还赫萝借去的地方志手稿时，似乎正逢礼拜结束的当口。人们三三两两地从教会中走出，其中好几位商人都认出了罗伦斯，并且对他轻轻抬起帽子行礼致意。自己似乎彻底成了镇上的名人——这种想法让他心里有些痒痒的，不过身旁的赫萝倒很是得意。	罗伦斯	0.40	罗伦斯	赫萝		
1_57	狼与宝石之海	1	57	dialogue	anaphoric	罗伦斯	罗伦斯对此也颇有感慨。曾经在旅途中收留庇护的少年如今成了扬名于世的人物，他既觉得骄傲，同为男性，心中又有些不甘。 ‖ 品味着心中的百感交集接过这本小册子之后，赫萝也从旁边探出脸来，在小册子上嗅了嗅。 ‖ “啥，原来不是那两个小鬼寄来的信呗？” ‖ ►“是的。有关他们两位的行踪，我也去问过来往城里的商人们……有人说在那个镇上见过他们，又有人说是在这个地方和心术不正的教会斗争，还有人说，不不不，他们是去圣徒之山进行信仰问答了。他们似乎是变成了众人添油加醋的传说故事里的主人公。看来出名这件事真的是有好也有坏呢。” ‖ 青年柯尔为了信仰和自己的梦想，毅然离开了温泉乡纽希拉。 ‖ 他所投身的宏大冒险似乎立刻就在世上掀起了巨大的波澜，而罗伦斯心中有强烈的动机，希望知道如今柯尔身在何方，做着什么事。	是的。有关他们两位的行踪，我也去问过来往城里的商人们……有人说在那个镇上见过他们，又有人说是在这个地方和心术不正的教会斗争，还有人说，不不不，他们是去圣徒之山进行信仰问答了。他们似乎是变成了众人添油加醋的传说故事里的主人公。看来出名这件事真的是有好也有坏呢。	柯尔	0.55	柯尔			
1_59	狼与宝石之海	1	59	action	心理-推测	罗伦斯	“啥，原来不是那两个小鬼寄来的信呗？” ‖ “是的。有关他们两位的行踪，我也去问过来往城里的商人们……有人说在那个镇上见过他们，又有人说是在这个地方和心术不正的教会斗争，还有人说，不不不，他们是去圣徒之山进行信仰问答了。他们似乎是变成了众人添油加醋的传说故事里的主人公。看来出名这件事真的是有好也有坏呢。” ‖ 青年柯尔为了信仰和自己的梦想，毅然离开了温泉乡纽希拉。 ‖ ►他所投身的宏大冒险似乎立刻就在世上掀起了巨大的波澜，而罗伦斯心中有强烈的动机，希望知道如今柯尔身在何方，做着什么事。 ‖ “俗话说得好，没有消息就是最好的消息。再说了，这样的东西能传得到处都是，那就代表柯尔小鬼肯定又是一边啃着洋葱不睡觉，一边窝在房间里不出来。” ‖ 赫萝拿起小册子，在罗伦斯面前挥了挥。	他所投身的宏大冒险似乎立刻就在世上掀起了巨大的波澜，而罗伦斯心中有强烈的动机，希望知道如今柯尔身在何方，做着什么事。	罗伦斯	0.40	罗伦斯	柯尔		
1_60	狼与宝石之海	1	60	dialogue	anaphoric	罗伦斯	“是的。有关他们两位的行踪，我也去问过来往城里的商人们……有人说在那个镇上见过他们，又有人说是在这个地方和心术不正的教会斗争，还有人说，不不不，他们是去圣徒之山进行信仰问答了。他们似乎是变成了众人添油加醋的传说故事里的主人公。看来出名这件事真的是有好也有坏呢。” ‖ 青年柯尔为了信仰和自己的梦想，毅然离开了温泉乡纽希拉。 ‖ 他所投身的宏大冒险似乎立刻就在世上掀起了巨大的波澜，而罗伦斯心中有强烈的动机，希望知道如今柯尔身在何方，做着什么事。 ‖ ►“俗话说得好，没有消息就是最好的消息。再说了，这样的东西能传得到处都是，那就代表柯尔小鬼肯定又是一边啃着洋葱不睡觉，一边窝在房间里不出来。” ‖ 赫萝拿起小册子，在罗伦斯面前挥了挥。 ‖ “咱那傻丫头在他旁边一脸无趣的模样，汝肯定也能想得来吧？”	俗话说得好，没有消息就是最好的消息。再说了，这样的东西能传得到处都是，那就代表柯尔小鬼肯定又是一边啃着洋葱不睡觉，一边窝在房间里不出来。	赫萝	0.55	赫萝			
1_65	狼与宝石之海	1	65	dialogue	anaphoric	罗伦斯	“咱那傻丫头在他旁边一脸无趣的模样，汝肯定也能想得来吧？” ‖ 她露出促狭的笑容，罗伦斯则不情愿地撅起了嘴。 ‖ 艾尔莎看着眼前两人的反应，忍不住地笑起来。 ‖ ►“她呀，现在可是被人们称作‘圣女缪莉’呢。据说是脸上总带着笑容，而且还为身边带来太阳一般的慈悲云云。” ‖ 罗伦斯不知道自己是否该为这句话感到高兴。 ‖ 之所以在意柯尔的动向，一方面是因为他就如同自己的儿子一样，更大的原因，则是自己的独生女缪莉跟着柯尔一起踏上了旅途。	她呀，现在可是被人们称作‘圣女缪莉’呢。据说是脸上总带着笑容，而且还为身边带来太阳一般的慈悲云云。	罗伦斯	0.55	罗伦斯			
Jan-00	狼与将晓之色	1	0	action	物理	罗伦斯	►罗伦斯还是未生出胡髭的少年时，跟着一位到访村里的旅行商人踏上了旅途。 ‖ 人们都说他的师傅是个奇怪的人。既不是直接教给罗伦斯行商的门路和技巧，也决计算不上亲切的监护者，但罗伦斯也并没有受到城镇商会的小学徒们所说的那种虐待。 ‖ 如今再回想起来，罗伦斯时常会好奇，野猫凭着一时的心血来潮养育了一只小狗的情况是否和他有些类似。再说，真要数落师傅的奇怪之处，说那是旅途生活中形成的，某种独特的人生观恐怕还更为恰当。	罗伦斯还是未生出胡髭的少年时，跟着一位到访村里的旅行商人踏上了旅途。	罗伦斯	0.55	-		y	
1-Jan	狼与将晓之色	1	1	action	物理	罗伦斯	罗伦斯还是未生出胡髭的少年时，跟着一位到访村里的旅行商人踏上了旅途。 ‖ ►人们都说他的师傅是个奇怪的人。既不是直接教给罗伦斯行商的门路和技巧，也决计算不上亲切的监护者，但罗伦斯也并没有受到城镇商会的小学徒们所说的那种虐待。 ‖ 如今再回想起来，罗伦斯时常会好奇，野猫凭着一时的心血来潮养育了一只小狗的情况是否和他有些类似。再说，真要数落师傅的奇怪之处，说那是旅途生活中形成的，某种独特的人生观恐怕还更为恰当。 ‖ 如今罗伦斯的年纪已经与当时的师傅相去不远，时隔许久后他又踏上了旅途，望着偶然途经的城镇撒罗尼亚的秋日节庆，这些思绪忽然闪现在脑海中。	人们都说他的师傅是个奇怪的人。既不是直接教给罗伦斯行商的门路和技巧，也决计算不上亲切的监护者，但罗伦斯也并没有受到城镇商会的小学徒们所说的那种虐待。	罗伦斯	0.55	-		y	
2-Jan	狼与将晓之色	1	2	action	心理	罗伦斯	罗伦斯还是未生出胡髭的少年时，跟着一位到访村里的旅行商人踏上了旅途。 ‖ 人们都说他的师傅是个奇怪的人。既不是直接教给罗伦斯行商的门路和技巧，也决计算不上亲切的监护者，但罗伦斯也并没有受到城镇商会的小学徒们所说的那种虐待。 ‖ ►如今再回想起来，罗伦斯时常会好奇，野猫凭着一时的心血来潮养育了一只小狗的情况是否和他有些类似。再说，真要数落师傅的奇怪之处，说那是旅途生活中形成的，某种独特的人生观恐怕还更为恰当。 ‖ 如今罗伦斯的年纪已经与当时的师傅相去不远，时隔许久后他又踏上了旅途，望着偶然途经的城镇撒罗尼亚的秋日节庆，这些思绪忽然闪现在脑海中。 ‖ 窗子框出的广场风景里可以看到人们建起了巨大的舞台，教会和城镇里有头面的人物站在上面像模像样地操办着仪式，冬日来临前最后的狂欢正在上演。	如今再回想起来，罗伦斯时常会好奇，野猫凭着一时的心血来潮养育了一只小狗的情况是否和他有些类似。再说，真要数落师傅的奇怪之处，说那是旅途生活中形成的，某种独特的人生观恐怕还更为恰当。	罗伦斯	0.55	-		y	
3-Jan	狼与将晓之色	1	3	action	心理	罗伦斯	罗伦斯还是未生出胡髭的少年时，跟着一位到访村里的旅行商人踏上了旅途。 ‖ 人们都说他的师傅是个奇怪的人。既不是直接教给罗伦斯行商的门路和技巧，也决计算不上亲切的监护者，但罗伦斯也并没有受到城镇商会的小学徒们所说的那种虐待。 ‖ 如今再回想起来，罗伦斯时常会好奇，野猫凭着一时的心血来潮养育了一只小狗的情况是否和他有些类似。再说，真要数落师傅的奇怪之处，说那是旅途生活中形成的，某种独特的人生观恐怕还更为恰当。 ‖ ►如今罗伦斯的年纪已经与当时的师傅相去不远，时隔许久后他又踏上了旅途，望着偶然途经的城镇撒罗尼亚的秋日节庆，这些思绪忽然闪现在脑海中。 ‖ 窗子框出的广场风景里可以看到人们建起了巨大的舞台，教会和城镇里有头面的人物站在上面像模像样地操办着仪式，冬日来临前最后的狂欢正在上演。 ‖ 撒罗尼亚的秋日节庆上没有什么能当成主轴的宗教仪式，最热闹的一环似乎是人们使用当地的麦子做成蒸馏酒，然后豪饮比试一番。各式各样的参与者都报上名来想要在这活动里试一试身手，在港口装卸货物，长得五大三粗的男人们自不必说，教会里也有夸耀饮酒海量的年轻圣职者们跃跃欲试，气氛可谓自由极了。	如今罗伦斯的年纪已经与当时的师傅相去不远，时隔许久后他又踏上了旅途，望着偶然途经的城镇撒罗尼亚的秋日节庆，这些思绪忽然闪现在脑海中。	罗伦斯	0.55	-		y	
1_4	狼与将晓之色	1	4	action	物理	罗伦斯	人们都说他的师傅是个奇怪的人。既不是直接教给罗伦斯行商的门路和技巧，也决计算不上亲切的监护者，但罗伦斯也并没有受到城镇商会的小学徒们所说的那种虐待。 ‖ 如今再回想起来，罗伦斯时常会好奇，野猫凭着一时的心血来潮养育了一只小狗的情况是否和他有些类似。再说，真要数落师傅的奇怪之处，说那是旅途生活中形成的，某种独特的人生观恐怕还更为恰当。 ‖ 如今罗伦斯的年纪已经与当时的师傅相去不远，时隔许久后他又踏上了旅途，望着偶然途经的城镇撒罗尼亚的秋日节庆，这些思绪忽然闪现在脑海中。 ‖ ►窗子框出的广场风景里可以看到人们建起了巨大的舞台，教会和城镇里有头面的人物站在上面像模像样地操办着仪式，冬日来临前最后的狂欢正在上演。 ‖ 撒罗尼亚的秋日节庆上没有什么能当成主轴的宗教仪式，最热闹的一环似乎是人们使用当地的麦子做成蒸馏酒，然后豪饮比试一番。各式各样的参与者都报上名来想要在这活动里试一试身手，在港口装卸货物，长得五大三粗的男人们自不必说，教会里也有夸耀饮酒海量的年轻圣职者们跃跃欲试，气氛可谓自由极了。 ‖ 罗伦斯俯视着广场的模样，然后不禁苦笑起来——他看到了一位身材娇小的少女。	窗子框出的广场风景里可以看到人们建起了巨大的舞台，教会和城镇里有头面的人物站在上面像模像样地操办着仪式，冬日来临前最后的狂欢正在上演。	罗伦斯	0.30	罗伦斯			
1_5	狼与将晓之色	1	5	action	心理-自指	罗伦斯	如今再回想起来，罗伦斯时常会好奇，野猫凭着一时的心血来潮养育了一只小狗的情况是否和他有些类似。再说，真要数落师傅的奇怪之处，说那是旅途生活中形成的，某种独特的人生观恐怕还更为恰当。 ‖ 如今罗伦斯的年纪已经与当时的师傅相去不远，时隔许久后他又踏上了旅途，望着偶然途经的城镇撒罗尼亚的秋日节庆，这些思绪忽然闪现在脑海中。 ‖ 窗子框出的广场风景里可以看到人们建起了巨大的舞台，教会和城镇里有头面的人物站在上面像模像样地操办着仪式，冬日来临前最后的狂欢正在上演。 ‖ ►撒罗尼亚的秋日节庆上没有什么能当成主轴的宗教仪式，最热闹的一环似乎是人们使用当地的麦子做成蒸馏酒，然后豪饮比试一番。各式各样的参与者都报上名来想要在这活动里试一试身手，在港口装卸货物，长得五大三粗的男人们自不必说，教会里也有夸耀饮酒海量的年轻圣职者们跃跃欲试，气氛可谓自由极了。 ‖ 罗伦斯俯视着广场的模样，然后不禁苦笑起来——他看到了一位身材娇小的少女。 ‖ 今天她鲜少地把那混进麦田恐怕就要立马消失无踪的亚麻色发丝编成了三股辫。她个子不高，再加上身形小巧，很容易让人以为是什么深闺的千金小姐，然而举止仪态中却流露出莫名的魄力。	撒罗尼亚的秋日节庆上没有什么能当成主轴的宗教仪式，最热闹的一环似乎是人们使用当地的麦子做成蒸馏酒，然后豪饮比试一番。各式各样的参与者都报上名来想要在这活动里试一试身手，在港口装卸货物，长得五大三粗的男人们自不必说，教会里也有夸耀饮酒海量的年轻圣职者们跃跃欲试，气氛可谓自由极了。	罗伦斯	0.35	罗伦斯			
6-Jan	狼与将晓之色	1	6	action	物理	罗伦斯	如今罗伦斯的年纪已经与当时的师傅相去不远，时隔许久后他又踏上了旅途，望着偶然途经的城镇撒罗尼亚的秋日节庆，这些思绪忽然闪现在脑海中。 ‖ 窗子框出的广场风景里可以看到人们建起了巨大的舞台，教会和城镇里有头面的人物站在上面像模像样地操办着仪式，冬日来临前最后的狂欢正在上演。 ‖ 撒罗尼亚的秋日节庆上没有什么能当成主轴的宗教仪式，最热闹的一环似乎是人们使用当地的麦子做成蒸馏酒，然后豪饮比试一番。各式各样的参与者都报上名来想要在这活动里试一试身手，在港口装卸货物，长得五大三粗的男人们自不必说，教会里也有夸耀饮酒海量的年轻圣职者们跃跃欲试，气氛可谓自由极了。 ‖ ►罗伦斯俯视着广场的模样，然后不禁苦笑起来——他看到了一位身材娇小的少女。 ‖ 今天她鲜少地把那混进麦田恐怕就要立马消失无踪的亚麻色发丝编成了三股辫。她个子不高，再加上身形小巧，很容易让人以为是什么深闺的千金小姐，然而举止仪态中却流露出莫名的魄力。 ‖ “狼来了。”	罗伦斯俯视着广场的模样，然后不禁苦笑起来——他看到了一位身材娇小的少女。	罗伦斯	0.55	罗伦斯	赫萝	y	
7-Jan	狼与将晓之色	1	7	action	物理	罗伦斯	窗子框出的广场风景里可以看到人们建起了巨大的舞台，教会和城镇里有头面的人物站在上面像模像样地操办着仪式，冬日来临前最后的狂欢正在上演。 ‖ 撒罗尼亚的秋日节庆上没有什么能当成主轴的宗教仪式，最热闹的一环似乎是人们使用当地的麦子做成蒸馏酒，然后豪饮比试一番。各式各样的参与者都报上名来想要在这活动里试一试身手，在港口装卸货物，长得五大三粗的男人们自不必说，教会里也有夸耀饮酒海量的年轻圣职者们跃跃欲试，气氛可谓自由极了。 ‖ 罗伦斯俯视着广场的模样，然后不禁苦笑起来——他看到了一位身材娇小的少女。 ‖ ►今天她鲜少地把那混进麦田恐怕就要立马消失无踪的亚麻色发丝编成了三股辫。她个子不高，再加上身形小巧，很容易让人以为是什么深闺的千金小姐，然而举止仪态中却流露出莫名的魄力。 ‖ “狼来了。” ‖ 罗伦斯坐在窗边，无声地自言自语，然后发出笑声。	今天她鲜少地把那混进麦田恐怕就要立马消失无踪的亚麻色发丝编成了三股辫。她个子不高，再加上身形小巧，很容易让人以为是什么深闺的千金小姐，然而举止仪态中却流露出莫名的魄力。	罗伦斯	0.3	-		y	
8-Jan	狼与将晓之色	1	8	dialogue	anaphoric	罗伦斯	撒罗尼亚的秋日节庆上没有什么能当成主轴的宗教仪式，最热闹的一环似乎是人们使用当地的麦子做成蒸馏酒，然后豪饮比试一番。各式各样的参与者都报上名来想要在这活动里试一试身手，在港口装卸货物，长得五大三粗的男人们自不必说，教会里也有夸耀饮酒海量的年轻圣职者们跃跃欲试，气氛可谓自由极了。 ‖ 罗伦斯俯视着广场的模样，然后不禁苦笑起来——他看到了一位身材娇小的少女。 ‖ 今天她鲜少地把那混进麦田恐怕就要立马消失无踪的亚麻色发丝编成了三股辫。她个子不高，再加上身形小巧，很容易让人以为是什么深闺的千金小姐，然而举止仪态中却流露出莫名的魄力。 ‖ ►“狼来了。” ‖ 罗伦斯坐在窗边，无声地自言自语，然后发出笑声。 ‖ 广场周围摆出了招待人们的饮食，不仅有酒，还有刚烤好的面包和灌肠之类，诚然是一副节日狂欢的模样。罗伦斯看着赫萝在人群正中心满意足地饮酒，自己心里盘算起今后的旅途计划来。	狼来了。	赫萝	0.8	罗伦斯		y	
9-Jan	狼与将晓之色	1	9	action	物理	罗伦斯	罗伦斯俯视着广场的模样，然后不禁苦笑起来——他看到了一位身材娇小的少女。 ‖ 今天她鲜少地把那混进麦田恐怕就要立马消失无踪的亚麻色发丝编成了三股辫。她个子不高，再加上身形小巧，很容易让人以为是什么深闺的千金小姐，然而举止仪态中却流露出莫名的魄力。 ‖ “狼来了。” ‖ ►罗伦斯坐在窗边，无声地自言自语，然后发出笑声。 ‖ 广场周围摆出了招待人们的饮食，不仅有酒，还有刚烤好的面包和灌肠之类，诚然是一副节日狂欢的模样。罗伦斯看着赫萝在人群正中心满意足地饮酒，自己心里盘算起今后的旅途计划来。 ‖ 脑海中之所以浮现出许久都未曾想起的师傅，恐怕是因为他又一次踏上旅途，拉开了旅行记忆的抽屉，抽屉深处收藏着的东西也就一并被带了出来。再或者，也许他是在向这些回忆寻求什么线索。	罗伦斯坐在窗边，无声地自言自语，然后发出笑声。	罗伦斯	0.55	罗伦斯		y	
10-Jan	狼与将晓之色	1	10	action	心理	罗伦斯	今天她鲜少地把那混进麦田恐怕就要立马消失无踪的亚麻色发丝编成了三股辫。她个子不高，再加上身形小巧，很容易让人以为是什么深闺的千金小姐，然而举止仪态中却流露出莫名的魄力。 ‖ “狼来了。” ‖ 罗伦斯坐在窗边，无声地自言自语，然后发出笑声。 ‖ ►广场周围摆出了招待人们的饮食，不仅有酒，还有刚烤好的面包和灌肠之类，诚然是一副节日狂欢的模样。罗伦斯看着赫萝在人群正中心满意足地饮酒，自己心里盘算起今后的旅途计划来。 ‖ 脑海中之所以浮现出许久都未曾想起的师傅，恐怕是因为他又一次踏上旅途，拉开了旅行记忆的抽屉，抽屉深处收藏着的东西也就一并被带了出来。再或者，也许他是在向这些回忆寻求什么线索。 ‖ 因为有些东西是罗伦斯在安排旅行计划时必须考虑一番的。	广场周围摆出了招待人们的饮食，不仅有酒，还有刚烤好的面包和灌肠之类，诚然是一副节日狂欢的模样。罗伦斯看着赫萝在人群正中心满意足地饮酒，自己心里盘算起今后的旅途计划来。	罗伦斯	0.55	罗伦斯	赫萝	y	
11-Jan	狼与将晓之色	1	11	action	心理	罗伦斯	“狼来了。” ‖ 罗伦斯坐在窗边，无声地自言自语，然后发出笑声。 ‖ 广场周围摆出了招待人们的饮食，不仅有酒，还有刚烤好的面包和灌肠之类，诚然是一副节日狂欢的模样。罗伦斯看着赫萝在人群正中心满意足地饮酒，自己心里盘算起今后的旅途计划来。 ‖ ►脑海中之所以浮现出许久都未曾想起的师傅，恐怕是因为他又一次踏上旅途，拉开了旅行记忆的抽屉，抽屉深处收藏着的东西也就一并被带了出来。再或者，也许他是在向这些回忆寻求什么线索。 ‖ 因为有些东西是罗伦斯在安排旅行计划时必须考虑一番的。 ‖ 旅行的收获并非尽是快乐。很不可思议的是，即便能在繁荣的市镇过着自由自在毫不拘束的生活，这一点也不会改变。或许此刻愈加快乐，往后迎来的艰辛也就愈发难以耐受。	脑海中之所以浮现出许久都未曾想起的师傅，恐怕是因为他又一次踏上旅途，拉开了旅行记忆的抽屉，抽屉深处收藏着的东西也就一并被带了出来。再或者，也许他是在向这些回忆寻求什么线索。	赫萝	0.3	-		y	
12-Jan	狼与将晓之色	1	12	action	物理	罗伦斯	罗伦斯坐在窗边，无声地自言自语，然后发出笑声。 ‖ 广场周围摆出了招待人们的饮食，不仅有酒，还有刚烤好的面包和灌肠之类，诚然是一副节日狂欢的模样。罗伦斯看着赫萝在人群正中心满意足地饮酒，自己心里盘算起今后的旅途计划来。 ‖ 脑海中之所以浮现出许久都未曾想起的师傅，恐怕是因为他又一次踏上旅途，拉开了旅行记忆的抽屉，抽屉深处收藏着的东西也就一并被带了出来。再或者，也许他是在向这些回忆寻求什么线索。 ‖ ►因为有些东西是罗伦斯在安排旅行计划时必须考虑一番的。 ‖ 旅行的收获并非尽是快乐。很不可思议的是，即便能在繁荣的市镇过着自由自在毫不拘束的生活，这一点也不会改变。或许此刻愈加快乐，往后迎来的艰辛也就愈发难以耐受。 ‖ 毕竟旅行生活的随心所欲，是用日常生活的确定和稳定换来的。	因为有些东西是罗伦斯在安排旅行计划时必须考虑一番的。	罗伦斯	0.55	-		y	
1_14	狼与将晓之色	1	14	action	物理	罗伦斯	脑海中之所以浮现出许久都未曾想起的师傅，恐怕是因为他又一次踏上旅途，拉开了旅行记忆的抽屉，抽屉深处收藏着的东西也就一并被带了出来。再或者，也许他是在向这些回忆寻求什么线索。 ‖ 因为有些东西是罗伦斯在安排旅行计划时必须考虑一番的。 ‖ 旅行的收获并非尽是快乐。很不可思议的是，即便能在繁荣的市镇过着自由自在毫不拘束的生活，这一点也不会改变。或许此刻愈加快乐，往后迎来的艰辛也就愈发难以耐受。 ‖ ►毕竟旅行生活的随心所欲，是用日常生活的确定和稳定换来的。 ‖ “祭典结束之后，我打算回家去。” ‖ 这一阵子与罗伦斯夫妇结伴同行的女司铎艾尔莎说出这番话，是在昨日傍晚的时候。当时他们解决了撒罗尼亚城的关税争端，让争执的双方——教会和木材商人们各自做出让步。当晚回到住处的路上，艾尔莎开了口。	毕竟旅行生活的随心所欲，是用日常生活的确定和稳定换来的。	罗伦斯	0.30	罗伦斯			
15-Jan	狼与将晓之色	1	15	dialogue	anaphoric	罗伦斯	因为有些东西是罗伦斯在安排旅行计划时必须考虑一番的。 ‖ 旅行的收获并非尽是快乐。很不可思议的是，即便能在繁荣的市镇过着自由自在毫不拘束的生活，这一点也不会改变。或许此刻愈加快乐，往后迎来的艰辛也就愈发难以耐受。 ‖ 毕竟旅行生活的随心所欲，是用日常生活的确定和稳定换来的。 ‖ ►“祭典结束之后，我打算回家去。” ‖ 这一阵子与罗伦斯夫妇结伴同行的女司铎艾尔莎说出这番话，是在昨日傍晚的时候。当时他们解决了撒罗尼亚城的关税争端，让争执的双方——教会和木材商人们各自做出让步。当晚回到住处的路上，艾尔莎开了口。 ‖ 赫萝对关税的商议毫无兴趣，她早已先行离开，在广场的酒馆里喝得大醉酩酊。现在路上只有罗伦斯和艾尔莎两人。罗伦斯明白艾尔莎是有意要抓住这短短的时间提起自己的告别，但还有一点他不明白。	祭典结束之后，我打算回家去。	罗伦斯	0.65	艾尔莎		y	
16-Jan	狼与将晓之色	1	16	action	物理	罗伦斯	旅行的收获并非尽是快乐。很不可思议的是，即便能在繁荣的市镇过着自由自在毫不拘束的生活，这一点也不会改变。或许此刻愈加快乐，往后迎来的艰辛也就愈发难以耐受。 ‖ 毕竟旅行生活的随心所欲，是用日常生活的确定和稳定换来的。 ‖ “祭典结束之后，我打算回家去。” ‖ ►这一阵子与罗伦斯夫妇结伴同行的女司铎艾尔莎说出这番话，是在昨日傍晚的时候。当时他们解决了撒罗尼亚城的关税争端，让争执的双方——教会和木材商人们各自做出让步。当晚回到住处的路上，艾尔莎开了口。 ‖ 赫萝对关税的商议毫无兴趣，她早已先行离开，在广场的酒馆里喝得大醉酩酊。现在路上只有罗伦斯和艾尔莎两人。罗伦斯明白艾尔莎是有意要抓住这短短的时间提起自己的告别，但还有一点他不明白。 ‖ “你不先对赫萝说吗？”	这一阵子与罗伦斯夫妇结伴同行的女司铎艾尔莎说出这番话，是在昨日傍晚的时候。当时他们解决了撒罗尼亚城的关税争端，让争执的双方——教会和木材商人们各自做出让步。当晚回到住处的路上，艾尔莎开了口。	罗伦斯	0.55	艾尔莎		y	
17-Jan	狼与将晓之色	1	17	action	心理	罗伦斯	毕竟旅行生活的随心所欲，是用日常生活的确定和稳定换来的。 ‖ “祭典结束之后，我打算回家去。” ‖ 这一阵子与罗伦斯夫妇结伴同行的女司铎艾尔莎说出这番话，是在昨日傍晚的时候。当时他们解决了撒罗尼亚城的关税争端，让争执的双方——教会和木材商人们各自做出让步。当晚回到住处的路上，艾尔莎开了口。 ‖ ►赫萝对关税的商议毫无兴趣，她早已先行离开，在广场的酒馆里喝得大醉酩酊。现在路上只有罗伦斯和艾尔莎两人。罗伦斯明白艾尔莎是有意要抓住这短短的时间提起自己的告别，但还有一点他不明白。 ‖ “你不先对赫萝说吗？” ‖ 似乎赫萝和艾尔莎她们在关税纠纷期间有了不少交流，而罗伦斯对这些经纬并不了解。如今艾尔莎还是会不时劝诫赫萝，赫萝还是会露出不耐烦的模样，但从那一来一往中也能感受到，她们之间的关系变得比以往更好了。	赫萝对关税的商议毫无兴趣，她早已先行离开，在广场的酒馆里喝得大醉酩酊。现在路上只有罗伦斯和艾尔莎两人。罗伦斯明白艾尔莎是有意要抓住这短短的时间提起自己的告别，但还有一点他不明白。	赫萝	0.55	罗伦斯		y	
18-Jan	狼与将晓之色	1	18	dialogue	anaphoric	罗伦斯	“祭典结束之后，我打算回家去。” ‖ 这一阵子与罗伦斯夫妇结伴同行的女司铎艾尔莎说出这番话，是在昨日傍晚的时候。当时他们解决了撒罗尼亚城的关税争端，让争执的双方——教会和木材商人们各自做出让步。当晚回到住处的路上，艾尔莎开了口。 ‖ 赫萝对关税的商议毫无兴趣，她早已先行离开，在广场的酒馆里喝得大醉酩酊。现在路上只有罗伦斯和艾尔莎两人。罗伦斯明白艾尔莎是有意要抓住这短短的时间提起自己的告别，但还有一点他不明白。 ‖ ►“你不先对赫萝说吗？” ‖ 似乎赫萝和艾尔莎她们在关税纠纷期间有了不少交流，而罗伦斯对这些经纬并不了解。如今艾尔莎还是会不时劝诫赫萝，赫萝还是会露出不耐烦的模样，但从那一来一往中也能感受到，她们之间的关系变得比以往更好了。 ‖ 既然如此，正因如此，行事一板一眼的艾尔莎不应该首先去对赫萝道别吗？	你不先对赫萝说吗？	赫萝	0.95	罗伦斯		y	
19-Jan	狼与将晓之色	1	19	action	物理	罗伦斯	这一阵子与罗伦斯夫妇结伴同行的女司铎艾尔莎说出这番话，是在昨日傍晚的时候。当时他们解决了撒罗尼亚城的关税争端，让争执的双方——教会和木材商人们各自做出让步。当晚回到住处的路上，艾尔莎开了口。 ‖ 赫萝对关税的商议毫无兴趣，她早已先行离开，在广场的酒馆里喝得大醉酩酊。现在路上只有罗伦斯和艾尔莎两人。罗伦斯明白艾尔莎是有意要抓住这短短的时间提起自己的告别，但还有一点他不明白。 ‖ “你不先对赫萝说吗？” ‖ ►似乎赫萝和艾尔莎她们在关税纠纷期间有了不少交流，而罗伦斯对这些经纬并不了解。如今艾尔莎还是会不时劝诫赫萝，赫萝还是会露出不耐烦的模样，但从那一来一往中也能感受到，她们之间的关系变得比以往更好了。 ‖ 既然如此，正因如此，行事一板一眼的艾尔莎不应该首先去对赫萝道别吗？ ‖ 罗伦斯怀着这样的疑问对艾尔莎开口，而她则是先露出淡淡微笑，继而移开了眼神似地朝前望去。	似乎赫萝和艾尔莎她们在关税纠纷期间有了不少交流，而罗伦斯对这些经纬并不了解。如今艾尔莎还是会不时劝诫赫萝，赫萝还是会露出不耐烦的模样，但从那一来一往中也能感受到，她们之间的关系变得比以往更好了。	赫萝	0.55	-	赫萝	y	
20-Jan	狼与将晓之色	1	20	action	心理	罗伦斯	赫萝对关税的商议毫无兴趣，她早已先行离开，在广场的酒馆里喝得大醉酩酊。现在路上只有罗伦斯和艾尔莎两人。罗伦斯明白艾尔莎是有意要抓住这短短的时间提起自己的告别，但还有一点他不明白。 ‖ “你不先对赫萝说吗？” ‖ 似乎赫萝和艾尔莎她们在关税纠纷期间有了不少交流，而罗伦斯对这些经纬并不了解。如今艾尔莎还是会不时劝诫赫萝，赫萝还是会露出不耐烦的模样，但从那一来一往中也能感受到，她们之间的关系变得比以往更好了。 ‖ ►既然如此，正因如此，行事一板一眼的艾尔莎不应该首先去对赫萝道别吗？ ‖ 罗伦斯怀着这样的疑问对艾尔莎开口，而她则是先露出淡淡微笑，继而移开了眼神似地朝前望去。 ‖ “因为，和她的关系好得有些过头了。”	既然如此，正因如此，行事一板一眼的艾尔莎不应该首先去对赫萝道别吗？	艾尔莎	0.55	罗伦斯		y	
21-Jan	狼与将晓之色	1	21	action	物理	罗伦斯	“你不先对赫萝说吗？” ‖ 似乎赫萝和艾尔莎她们在关税纠纷期间有了不少交流，而罗伦斯对这些经纬并不了解。如今艾尔莎还是会不时劝诫赫萝，赫萝还是会露出不耐烦的模样，但从那一来一往中也能感受到，她们之间的关系变得比以往更好了。 ‖ 既然如此，正因如此，行事一板一眼的艾尔莎不应该首先去对赫萝道别吗？ ‖ ►罗伦斯怀着这样的疑问对艾尔莎开口，而她则是先露出淡淡微笑，继而移开了眼神似地朝前望去。 ‖ “因为，和她的关系好得有些过头了。” ‖ 遵循着铁律的神的仆人。	罗伦斯怀着这样的疑问对艾尔莎开口，而她则是先露出淡淡微笑，继而移开了眼神似地朝前望去。	罗伦斯	0.55	罗伦斯/艾尔莎		y	分割
22-Jan	狼与将晓之色	1	22	dialogue	anaphoric	罗伦斯	似乎赫萝和艾尔莎她们在关税纠纷期间有了不少交流，而罗伦斯对这些经纬并不了解。如今艾尔莎还是会不时劝诫赫萝，赫萝还是会露出不耐烦的模样，但从那一来一往中也能感受到，她们之间的关系变得比以往更好了。 ‖ 既然如此，正因如此，行事一板一眼的艾尔莎不应该首先去对赫萝道别吗？ ‖ 罗伦斯怀着这样的疑问对艾尔莎开口，而她则是先露出淡淡微笑，继而移开了眼神似地朝前望去。 ‖ ►“因为，和她的关系好得有些过头了。” ‖ 遵循着铁律的神的仆人。 ‖ 艾尔莎曾给罗伦斯留下这样的印象，但现在他面前站着的，则是一个有血有肉的艾尔莎。	因为，和她的关系好得有些过头了。	罗伦斯	0.65	艾尔莎		y	
24-Jan	狼与将晓之色	1	24	action	物理	罗伦斯	罗伦斯怀着这样的疑问对艾尔莎开口，而她则是先露出淡淡微笑，继而移开了眼神似地朝前望去。 ‖ “因为，和她的关系好得有些过头了。” ‖ 遵循着铁律的神的仆人。 ‖ ►艾尔莎曾给罗伦斯留下这样的印象，但现在他面前站着的，则是一个有血有肉的艾尔莎。 ‖ “我还不是很习惯旅行，所以会因为突然涌出来的思乡之情感到动摇。” ‖ 艾尔莎原本出身在一个名叫特雷欧的小村里，守着抚养她长大的父亲留下的教会静静生活。此后随着世间对教会的态度愈发严厉，为了处理与教会有关的各种财产与特许问题，她被各处教会召唤，一直到这个极北之地。??????????????????	艾尔莎曾给罗伦斯留下这样的印象，但现在他面前站着的，则是一个有血有肉的艾尔莎。	艾尔莎	0.55	-		y	
25-Jan	狼与将晓之色	1	25	dialogue	anaphoric	罗伦斯	“因为，和她的关系好得有些过头了。” ‖ 遵循着铁律的神的仆人。 ‖ 艾尔莎曾给罗伦斯留下这样的印象，但现在他面前站着的，则是一个有血有肉的艾尔莎。 ‖ ►“我还不是很习惯旅行，所以会因为突然涌出来的思乡之情感到动摇。” ‖ 艾尔莎原本出身在一个名叫特雷欧的小村里，守着抚养她长大的父亲留下的教会静静生活。此后随着世间对教会的态度愈发严厉，为了处理与教会有关的各种财产与特许问题，她被各处教会召唤，一直到这个极北之地。?????????????????? ‖ 她的丈夫艾凡在罗伦斯记忆中还是个磨面粉的少年，个性朴实又热情。如今艾凡还留在特雷欧村，据说两人间已经有了三个孩子。	我还不是很习惯旅行，所以会因为突然涌出来的思乡之情感到动摇。	艾尔莎	0.65	艾尔莎		y	
26-Jan	狼与将晓之色	1	26	action	物理	罗伦斯	遵循着铁律的神的仆人。 ‖ 艾尔莎曾给罗伦斯留下这样的印象，但现在他面前站着的，则是一个有血有肉的艾尔莎。 ‖ “我还不是很习惯旅行，所以会因为突然涌出来的思乡之情感到动摇。” ‖ ►艾尔莎原本出身在一个名叫特雷欧的小村里，守着抚养她长大的父亲留下的教会静静生活。此后随着世间对教会的态度愈发严厉，为了处理与教会有关的各种财产与特许问题，她被各处教会召唤，一直到这个极北之地。?????????????????? ‖ 她的丈夫艾凡在罗伦斯记忆中还是个磨面粉的少年，个性朴实又热情。如今艾凡还留在特雷欧村，据说两人间已经有了三个孩子。 ‖ “赫萝的直觉很敏锐，在她面前，我恐怕很难掩饰住归心似箭的模样。可是……”	艾尔莎原本出身在一个名叫特雷欧的小村里，守着抚养她长大的父亲留下的教会静静生活。此后随着世间对教会的态度愈发严厉，为了处理与教会有关的各种财产与特许问题，她被各处教会召唤，一直到这个极北之地。??????????????????	艾尔莎	0.55	-		y	
27-Jan	狼与将晓之色	1	27	action	物理	罗伦斯	艾尔莎曾给罗伦斯留下这样的印象，但现在他面前站着的，则是一个有血有肉的艾尔莎。 ‖ “我还不是很习惯旅行，所以会因为突然涌出来的思乡之情感到动摇。” ‖ 艾尔莎原本出身在一个名叫特雷欧的小村里，守着抚养她长大的父亲留下的教会静静生活。此后随着世间对教会的态度愈发严厉，为了处理与教会有关的各种财产与特许问题，她被各处教会召唤，一直到这个极北之地。?????????????????? ‖ ►她的丈夫艾凡在罗伦斯记忆中还是个磨面粉的少年，个性朴实又热情。如今艾凡还留在特雷欧村，据说两人间已经有了三个孩子。 ‖ “赫萝的直觉很敏锐，在她面前，我恐怕很难掩饰住归心似箭的模样。可是……” ‖ 艾尔莎缓缓吸了一口气，又长长地吐出来，就好像她整个人也因此缩小了一圈。	她的丈夫艾凡在罗伦斯记忆中还是个磨面粉的少年，个性朴实又热情。如今艾凡还留在特雷欧村，据说两人间已经有了三个孩子。	艾凡	0.55	-		y	
28-Jan	狼与将晓之色	1	28	dialogue	anaphoric	罗伦斯	“我还不是很习惯旅行，所以会因为突然涌出来的思乡之情感到动摇。” ‖ 艾尔莎原本出身在一个名叫特雷欧的小村里，守着抚养她长大的父亲留下的教会静静生活。此后随着世间对教会的态度愈发严厉，为了处理与教会有关的各种财产与特许问题，她被各处教会召唤，一直到这个极北之地。?????????????????? ‖ 她的丈夫艾凡在罗伦斯记忆中还是个磨面粉的少年，个性朴实又热情。如今艾凡还留在特雷欧村，据说两人间已经有了三个孩子。 ‖ ►“赫萝的直觉很敏锐，在她面前，我恐怕很难掩饰住归心似箭的模样。可是……” ‖ 艾尔莎缓缓吸了一口气，又长长地吐出来，就好像她整个人也因此缩小了一圈。 ‖ “在赫萝的眼里，我的模样看起来就可能显得很薄情，不是吗？”	赫萝的直觉很敏锐，在她面前，我恐怕很难掩饰住归心似箭的模样。可是……	赫萝	0.8	艾尔莎		y	
29-Jan	狼与将晓之色	1	29	action	物理	罗伦斯	艾尔莎原本出身在一个名叫特雷欧的小村里，守着抚养她长大的父亲留下的教会静静生活。此后随着世间对教会的态度愈发严厉，为了处理与教会有关的各种财产与特许问题，她被各处教会召唤，一直到这个极北之地。?????????????????? ‖ 她的丈夫艾凡在罗伦斯记忆中还是个磨面粉的少年，个性朴实又热情。如今艾凡还留在特雷欧村，据说两人间已经有了三个孩子。 ‖ “赫萝的直觉很敏锐，在她面前，我恐怕很难掩饰住归心似箭的模样。可是……” ‖ ►艾尔莎缓缓吸了一口气，又长长地吐出来，就好像她整个人也因此缩小了一圈。 ‖ “在赫萝的眼里，我的模样看起来就可能显得很薄情，不是吗？” ‖ 这是旅途生活中常见的光景。	艾尔莎缓缓吸了一口气，又长长地吐出来，就好像她整个人也因此缩小了一圈。	艾尔莎	0.55	艾尔莎		y	
30-Jan	狼与将晓之色	1	30	dialogue	anaphoric	罗伦斯	她的丈夫艾凡在罗伦斯记忆中还是个磨面粉的少年，个性朴实又热情。如今艾凡还留在特雷欧村，据说两人间已经有了三个孩子。 ‖ “赫萝的直觉很敏锐，在她面前，我恐怕很难掩饰住归心似箭的模样。可是……” ‖ 艾尔莎缓缓吸了一口气，又长长地吐出来，就好像她整个人也因此缩小了一圈。 ‖ ►“在赫萝的眼里，我的模样看起来就可能显得很薄情，不是吗？” ‖ 这是旅途生活中常见的光景。 ‖ 在他乡远地遇到了意气投和的人物，痛饮达旦，乃至心中将对方视为莫逆之交，对方却只说一句还有家人在，就此匆匆离开。在这些人眼中 ，旅人终究只是旅人，是许多来客中的一人，而他们还有属于他们的，坚固不变的日常生活。	在赫萝的眼里，我的模样看起来就可能显得很薄情，不是吗？	赫萝	0.8	艾尔莎		y	
Jan-32	狼与将晓之色	1	32	action	心理	罗伦斯	艾尔莎缓缓吸了一口气，又长长地吐出来，就好像她整个人也因此缩小了一圈。 ‖ “在赫萝的眼里，我的模样看起来就可能显得很薄情，不是吗？” ‖ 这是旅途生活中常见的光景。 ‖ ►在他乡远地遇到了意气投和的人物，痛饮达旦，乃至心中将对方视为莫逆之交，对方却只说一句还有家人在，就此匆匆离开。在这些人眼中 ，旅人终究只是旅人，是许多来客中的一人，而他们还有属于他们的，坚固不变的日常生活。 ‖ 他们会回到炉火温暖，笑语满溢的家中。可是，旅人却必须独自回归寂静的旅舍，然后到了明日，又要向下一个市镇出发。 ‖ 艾尔莎大概已经在她的短暂旅途中体会过了这样的寂寥感。	在他乡远地遇到了意气投和的人物，痛饮达旦，乃至心中将对方视为莫逆之交，对方却只说一句还有家人在，就此匆匆离开。在这些人眼中 ，旅人终究只是旅人，是许多来客中的一人，而他们还有属于他们的，坚固不变的日常生活。	赫萝	0.3	艾尔莎		y	
Jan-33	狼与将晓之色	1	33	action	心理	罗伦斯	“在赫萝的眼里，我的模样看起来就可能显得很薄情，不是吗？” ‖ 这是旅途生活中常见的光景。 ‖ 在他乡远地遇到了意气投和的人物，痛饮达旦，乃至心中将对方视为莫逆之交，对方却只说一句还有家人在，就此匆匆离开。在这些人眼中 ，旅人终究只是旅人，是许多来客中的一人，而他们还有属于他们的，坚固不变的日常生活。 ‖ ►他们会回到炉火温暖，笑语满溢的家中。可是，旅人却必须独自回归寂静的旅舍，然后到了明日，又要向下一个市镇出发。 ‖ 艾尔莎大概已经在她的短暂旅途中体会过了这样的寂寥感。 ‖ 艾尔莎总是将发型整理得一丝不苟，蜂蜜色的眼睛总是目光锐利，直视着真相。但罗伦斯知道在这些东西的背后， 还有一个比常人更温柔体贴的艾尔莎。	他们会回到炉火温暖，笑语满溢的家中。可是，旅人却必须独自回归寂静的旅舍，然后到了明日，又要向下一个市镇出发。	赫萝	0.3	艾尔莎		y	
Jan-34	狼与将晓之色	1	34	action	心理	罗伦斯	这是旅途生活中常见的光景。 ‖ 在他乡远地遇到了意气投和的人物，痛饮达旦，乃至心中将对方视为莫逆之交，对方却只说一句还有家人在，就此匆匆离开。在这些人眼中 ，旅人终究只是旅人，是许多来客中的一人，而他们还有属于他们的，坚固不变的日常生活。 ‖ 他们会回到炉火温暖，笑语满溢的家中。可是，旅人却必须独自回归寂静的旅舍，然后到了明日，又要向下一个市镇出发。 ‖ ►艾尔莎大概已经在她的短暂旅途中体会过了这样的寂寥感。 ‖ 艾尔莎总是将发型整理得一丝不苟，蜂蜜色的眼睛总是目光锐利，直视着真相。但罗伦斯知道在这些东西的背后， 还有一个比常人更温柔体贴的艾尔莎。 ‖ 不然的话，她也就不会为那个怕寂寞的狼操心，担心自己提起的道别会让对方难过。	艾尔莎大概已经在她的短暂旅途中体会过了这样的寂寥感。	艾尔莎	0.55	艾尔莎	艾尔莎	y	
Jan-35	狼与将晓之色	1	35	action	心理	罗伦斯	在他乡远地遇到了意气投和的人物，痛饮达旦，乃至心中将对方视为莫逆之交，对方却只说一句还有家人在，就此匆匆离开。在这些人眼中 ，旅人终究只是旅人，是许多来客中的一人，而他们还有属于他们的，坚固不变的日常生活。 ‖ 他们会回到炉火温暖，笑语满溢的家中。可是，旅人却必须独自回归寂静的旅舍，然后到了明日，又要向下一个市镇出发。 ‖ 艾尔莎大概已经在她的短暂旅途中体会过了这样的寂寥感。 ‖ ►艾尔莎总是将发型整理得一丝不苟，蜂蜜色的眼睛总是目光锐利，直视着真相。但罗伦斯知道在这些东西的背后， 还有一个比常人更温柔体贴的艾尔莎。 ‖ 不然的话，她也就不会为那个怕寂寞的狼操心，担心自己提起的道别会让对方难过。 ‖ “那么，要不然我主动对你提起旅行的话题，如何呢？我想我跟她也差不多该出发去下一个地方了。”	艾尔莎总是将发型整理得一丝不苟，蜂蜜色的眼睛总是目光锐利，直视着真相。但罗伦斯知道在这些东西的背后， 还有一个比常人更温柔体贴的艾尔莎。	艾尔莎	0.55	罗伦斯		y	
Jan-36	狼与将晓之色	1	36	action	心理	罗伦斯	他们会回到炉火温暖，笑语满溢的家中。可是，旅人却必须独自回归寂静的旅舍，然后到了明日，又要向下一个市镇出发。 ‖ 艾尔莎大概已经在她的短暂旅途中体会过了这样的寂寥感。 ‖ 艾尔莎总是将发型整理得一丝不苟，蜂蜜色的眼睛总是目光锐利，直视着真相。但罗伦斯知道在这些东西的背后， 还有一个比常人更温柔体贴的艾尔莎。 ‖ ►不然的话，她也就不会为那个怕寂寞的狼操心，担心自己提起的道别会让对方难过。 ‖ “那么，要不然我主动对你提起旅行的话题，如何呢？我想我跟她也差不多该出发去下一个地方了。” ‖ 也许是怀着一种“瞒着赫萝，同罗伦斯秘密谋划事情”的内疚，艾尔莎没有立即给出回答，但她最后还是点了点头。	不然的话，她也就不会为那个怕寂寞的狼操心，担心自己提起的道别会让对方难过。	赫萝	0.55	罗伦斯		y	
Jan-37	狼与将晓之色	1	37	dialogue	anaphoric	罗伦斯	艾尔莎大概已经在她的短暂旅途中体会过了这样的寂寥感。 ‖ 艾尔莎总是将发型整理得一丝不苟，蜂蜜色的眼睛总是目光锐利，直视着真相。但罗伦斯知道在这些东西的背后， 还有一个比常人更温柔体贴的艾尔莎。 ‖ 不然的话，她也就不会为那个怕寂寞的狼操心，担心自己提起的道别会让对方难过。 ‖ ►“那么，要不然我主动对你提起旅行的话题，如何呢？我想我跟她也差不多该出发去下一个地方了。” ‖ 也许是怀着一种“瞒着赫萝，同罗伦斯秘密谋划事情”的内疚，艾尔莎没有立即给出回答，但她最后还是点了点头。 ‖ 然后，自嘲地笑着说。	那么，要不然我主动对你提起旅行的话题，如何呢？我想我跟她也差不多该出发去下一个地方了。	赫萝	0.65	罗伦斯		y	
Jan-38	狼与将晓之色	1	38	action	物理	罗伦斯	艾尔莎总是将发型整理得一丝不苟，蜂蜜色的眼睛总是目光锐利，直视着真相。但罗伦斯知道在这些东西的背后， 还有一个比常人更温柔体贴的艾尔莎。 ‖ 不然的话，她也就不会为那个怕寂寞的狼操心，担心自己提起的道别会让对方难过。 ‖ “那么，要不然我主动对你提起旅行的话题，如何呢？我想我跟她也差不多该出发去下一个地方了。” ‖ ►也许是怀着一种“瞒着赫萝，同罗伦斯秘密谋划事情”的内疚，艾尔莎没有立即给出回答，但她最后还是点了点头。 ‖ 然后，自嘲地笑着说。 ‖ “我居然要借助别人帮忙才能说出难说出口的事情，简直就像个小孩子一样啊。”	也许是怀着一种“瞒着赫萝，同罗伦斯秘密谋划事情”的内疚，艾尔莎没有立即给出回答，但她最后还是点了点头。	赫萝	0.95	艾尔莎		y	
1_38	狼与将晓之色	1	38	dialogue	explicit	罗伦斯	艾尔莎总是将发型整理得一丝不苟，蜂蜜色的眼睛总是目光锐利，直视着真相。但罗伦斯知道在这些东西的背后， 还有一个比常人更温柔体贴的艾尔莎。 ‖ 不然的话，她也就不会为那个怕寂寞的狼操心，担心自己提起的道别会让对方难过。 ‖ “那么，要不然我主动对你提起旅行的话题，如何呢？我想我跟她也差不多该出发去下一个地方了。” ‖ ►也许是怀着一种“瞒着赫萝，同罗伦斯秘密谋划事情”的内疚，艾尔莎没有立即给出回答，但她最后还是点了点头。 ‖ 然后，自嘲地笑着说。 ‖ “我居然要借助别人帮忙才能说出难说出口的事情，简直就像个小孩子一样啊。”	瞒着赫萝，同罗伦斯秘密谋划事情	艾尔莎	0.90	艾尔莎			
1_39	狼与将晓之色	1	39	action	物理	罗伦斯	不然的话，她也就不会为那个怕寂寞的狼操心，担心自己提起的道别会让对方难过。 ‖ “那么，要不然我主动对你提起旅行的话题，如何呢？我想我跟她也差不多该出发去下一个地方了。” ‖ 也许是怀着一种“瞒着赫萝，同罗伦斯秘密谋划事情”的内疚，艾尔莎没有立即给出回答，但她最后还是点了点头。 ‖ ►然后，自嘲地笑着说。 ‖ “我居然要借助别人帮忙才能说出难说出口的事情，简直就像个小孩子一样啊。” ‖ 刚刚与罗伦斯相遇时的艾尔莎，恐怕会以事实就是事实为理由，毫不犹豫地开口同赫萝告别。	然后，自嘲地笑着说。	罗伦斯	0.30	罗伦斯			
Jan-40	狼与将晓之色	1	40	dialogue	anaphoric	罗伦斯	“那么，要不然我主动对你提起旅行的话题，如何呢？我想我跟她也差不多该出发去下一个地方了。” ‖ 也许是怀着一种“瞒着赫萝，同罗伦斯秘密谋划事情”的内疚，艾尔莎没有立即给出回答，但她最后还是点了点头。 ‖ 然后，自嘲地笑着说。 ‖ ►“我居然要借助别人帮忙才能说出难说出口的事情，简直就像个小孩子一样啊。” ‖ 刚刚与罗伦斯相遇时的艾尔莎，恐怕会以事实就是事实为理由，毫不犹豫地开口同赫萝告别。 ‖ 但是，罗伦斯心中有不同于艾尔莎的看法。	我居然要借助别人帮忙才能说出难说出口的事情，简直就像个小孩子一样啊。	罗伦斯	0.65	艾尔莎		y	
1_41	狼与将晓之色	1	41	action	心理-推测	罗伦斯	也许是怀着一种“瞒着赫萝，同罗伦斯秘密谋划事情”的内疚，艾尔莎没有立即给出回答，但她最后还是点了点头。 ‖ 然后，自嘲地笑着说。 ‖ “我居然要借助别人帮忙才能说出难说出口的事情，简直就像个小孩子一样啊。” ‖ ►刚刚与罗伦斯相遇时的艾尔莎，恐怕会以事实就是事实为理由，毫不犹豫地开口同赫萝告别。 ‖ 但是，罗伦斯心中有不同于艾尔莎的看法。 ‖ “知道如何依靠别人，我觉得这才是成熟的标志。”	刚刚与罗伦斯相遇时的艾尔莎，恐怕会以事实就是事实为理由，毫不犹豫地开口同赫萝告别。	罗伦斯	0.40	罗伦斯	艾尔莎		
1_42	狼与将晓之色	1	42	action	物理	罗伦斯	然后，自嘲地笑着说。 ‖ “我居然要借助别人帮忙才能说出难说出口的事情，简直就像个小孩子一样啊。” ‖ 刚刚与罗伦斯相遇时的艾尔莎，恐怕会以事实就是事实为理由，毫不犹豫地开口同赫萝告别。 ‖ ►但是，罗伦斯心中有不同于艾尔莎的看法。 ‖ “知道如何依靠别人，我觉得这才是成熟的标志。” ‖ 他自己刚刚立志要成为独立的旅行商人时，也曾以为一个人解决所有问题就代表这个人的成熟。	但是，罗伦斯心中有不同于艾尔莎的看法。	罗伦斯	0.55	罗伦斯			
1_43	狼与将晓之色	1	43	dialogue	anaphoric	罗伦斯	“我居然要借助别人帮忙才能说出难说出口的事情，简直就像个小孩子一样啊。” ‖ 刚刚与罗伦斯相遇时的艾尔莎，恐怕会以事实就是事实为理由，毫不犹豫地开口同赫萝告别。 ‖ 但是，罗伦斯心中有不同于艾尔莎的看法。 ‖ ►“知道如何依靠别人，我觉得这才是成熟的标志。” ‖ 他自己刚刚立志要成为独立的旅行商人时，也曾以为一个人解决所有问题就代表这个人的成熟。 ‖ 当然，那只是涉世未深的年轻人的一己之见，不久之后罗伦斯就切身实地地学到了这个道理。	知道如何依靠别人，我觉得这才是成熟的标志。	罗伦斯	0.55	罗伦斯			
1_44	狼与将晓之色	1	44	action	物理	罗伦斯	刚刚与罗伦斯相遇时的艾尔莎，恐怕会以事实就是事实为理由，毫不犹豫地开口同赫萝告别。 ‖ 但是，罗伦斯心中有不同于艾尔莎的看法。 ‖ “知道如何依靠别人，我觉得这才是成熟的标志。” ‖ ►他自己刚刚立志要成为独立的旅行商人时，也曾以为一个人解决所有问题就代表这个人的成熟。 ‖ 当然，那只是涉世未深的年轻人的一己之见，不久之后罗伦斯就切身实地地学到了这个道理。 ‖ “……如果您不在赫萝的身边，那您一定能成为一个了不起的人物。”	他自己刚刚立志要成为独立的旅行商人时，也曾以为一个人解决所有问题就代表这个人的成熟。	罗伦斯	0.55	罗伦斯			
1_45	狼与将晓之色	1	45	action	物理	罗伦斯	但是，罗伦斯心中有不同于艾尔莎的看法。 ‖ “知道如何依靠别人，我觉得这才是成熟的标志。” ‖ 他自己刚刚立志要成为独立的旅行商人时，也曾以为一个人解决所有问题就代表这个人的成熟。 ‖ ►当然，那只是涉世未深的年轻人的一己之见，不久之后罗伦斯就切身实地地学到了这个道理。 ‖ “……如果您不在赫萝的身边，那您一定能成为一个了不起的人物。” ‖ 艾尔莎的语气听起来又像是无奈，又像是揶揄，罗伦斯则坦率地回以笑容。	当然，那只是涉世未深的年轻人的一己之见，不久之后罗伦斯就切身实地地学到了这个道理。	罗伦斯	0.55	罗伦斯			
1_46	狼与将晓之色	1	46	dialogue	anaphoric	罗伦斯	“知道如何依靠别人，我觉得这才是成熟的标志。” ‖ 他自己刚刚立志要成为独立的旅行商人时，也曾以为一个人解决所有问题就代表这个人的成熟。 ‖ 当然，那只是涉世未深的年轻人的一己之见，不久之后罗伦斯就切身实地地学到了这个道理。 ‖ ►“……如果您不在赫萝的身边，那您一定能成为一个了不起的人物。” ‖ 艾尔莎的语气听起来又像是无奈，又像是揶揄，罗伦斯则坦率地回以笑容。 ‖ “毕竟我早就被调教得服服帖帖了。”	……如果您不在赫萝的身边，那您一定能成为一个了不起的人物。	艾尔莎	0.55	赫萝			
1_47	狼与将晓之色	1	47	action	心理-推测	罗伦斯	他自己刚刚立志要成为独立的旅行商人时，也曾以为一个人解决所有问题就代表这个人的成熟。 ‖ 当然，那只是涉世未深的年轻人的一己之见，不久之后罗伦斯就切身实地地学到了这个道理。 ‖ “……如果您不在赫萝的身边，那您一定能成为一个了不起的人物。” ‖ ►艾尔莎的语气听起来又像是无奈，又像是揶揄，罗伦斯则坦率地回以笑容。 ‖ “毕竟我早就被调教得服服帖帖了。” ‖ 像是城里少女般夸张地耸了耸肩膀之后，艾尔莎大笑起来。	艾尔莎的语气听起来又像是无奈，又像是揶揄，罗伦斯则坦率地回以笑容。	罗伦斯	0.40	艾尔莎	艾尔莎		
1_48	狼与将晓之色	1	48	dialogue	anaphoric	罗伦斯	当然，那只是涉世未深的年轻人的一己之见，不久之后罗伦斯就切身实地地学到了这个道理。 ‖ “……如果您不在赫萝的身边，那您一定能成为一个了不起的人物。” ‖ 艾尔莎的语气听起来又像是无奈，又像是揶揄，罗伦斯则坦率地回以笑容。 ‖ ►“毕竟我早就被调教得服服帖帖了。” ‖ 像是城里少女般夸张地耸了耸肩膀之后，艾尔莎大笑起来。 ‖ “最初寄那封信给你们的时候，我没有抱多少希望。但还是在意想不到的地方见到了你们二位，既然如此，我就相信我们还会再见吧。”	毕竟我早就被调教得服服帖帖了。	艾尔莎	0.55	艾尔莎			
1_49	狼与将晓之色	1	49	action	物理	罗伦斯	“……如果您不在赫萝的身边，那您一定能成为一个了不起的人物。” ‖ 艾尔莎的语气听起来又像是无奈，又像是揶揄，罗伦斯则坦率地回以笑容。 ‖ “毕竟我早就被调教得服服帖帖了。” ‖ ►像是城里少女般夸张地耸了耸肩膀之后，艾尔莎大笑起来。 ‖ “最初寄那封信给你们的时候，我没有抱多少希望。但还是在意想不到的地方见到了你们二位，既然如此，我就相信我们还会再见吧。” ‖ 艾尔莎说这番话的时候，目光没有望向罗伦斯。纽希拉和特雷欧村相隔遥远，何况他们双方都已不再年轻，一般想来，再会是很难的。	像是城里少女般夸张地耸了耸肩膀之后，艾尔莎大笑起来。	艾尔莎	0.55	艾尔莎			
1_50	狼与将晓之色	1	50	dialogue	anaphoric	罗伦斯	艾尔莎的语气听起来又像是无奈，又像是揶揄，罗伦斯则坦率地回以笑容。 ‖ “毕竟我早就被调教得服服帖帖了。” ‖ 像是城里少女般夸张地耸了耸肩膀之后，艾尔莎大笑起来。 ‖ ►“最初寄那封信给你们的时候，我没有抱多少希望。但还是在意想不到的地方见到了你们二位，既然如此，我就相信我们还会再见吧。” ‖ 艾尔莎说这番话的时候，目光没有望向罗伦斯。纽希拉和特雷欧村相隔遥远，何况他们双方都已不再年轻，一般想来，再会是很难的。 ‖ 罗伦斯将视线从艾尔莎的侧像上移开，和她一样望着面前，开口说。	最初寄那封信给你们的时候，我没有抱多少希望。但还是在意想不到的地方见到了你们二位，既然如此，我就相信我们还会再见吧。	艾尔莎	0.55	艾尔莎			
1_51	狼与将晓之色	1	51	action	心理-自指	罗伦斯	“毕竟我早就被调教得服服帖帖了。” ‖ 像是城里少女般夸张地耸了耸肩膀之后，艾尔莎大笑起来。 ‖ “最初寄那封信给你们的时候，我没有抱多少希望。但还是在意想不到的地方见到了你们二位，既然如此，我就相信我们还会再见吧。” ‖ ►艾尔莎说这番话的时候，目光没有望向罗伦斯。纽希拉和特雷欧村相隔遥远，何况他们双方都已不再年轻，一般想来，再会是很难的。 ‖ 罗伦斯将视线从艾尔莎的侧像上移开，和她一样望着面前，开口说。 ‖ “唯独这句话，请你一定要对赫萝讲出来。”??????????????????	艾尔莎说这番话的时候，目光没有望向罗伦斯。纽希拉和特雷欧村相隔遥远，何况他们双方都已不再年轻，一般想来，再会是很难的。	艾尔莎	0.55	艾尔莎			
1_52	狼与将晓之色	1	52	action	物理	罗伦斯	像是城里少女般夸张地耸了耸肩膀之后，艾尔莎大笑起来。 ‖ “最初寄那封信给你们的时候，我没有抱多少希望。但还是在意想不到的地方见到了你们二位，既然如此，我就相信我们还会再见吧。” ‖ 艾尔莎说这番话的时候，目光没有望向罗伦斯。纽希拉和特雷欧村相隔遥远，何况他们双方都已不再年轻，一般想来，再会是很难的。 ‖ ►罗伦斯将视线从艾尔莎的侧像上移开，和她一样望着面前，开口说。 ‖ “唯独这句话，请你一定要对赫萝讲出来。”?????????????????? ‖ 他不知道此时艾尔莎的视线是否正盯着自己。	罗伦斯将视线从艾尔莎的侧像上移开，和她一样望着面前，开口说。	罗伦斯	0.55	罗伦斯			
1_53	狼与将晓之色	1	53	dialogue	anaphoric	罗伦斯	“最初寄那封信给你们的时候，我没有抱多少希望。但还是在意想不到的地方见到了你们二位，既然如此，我就相信我们还会再见吧。” ‖ 艾尔莎说这番话的时候，目光没有望向罗伦斯。纽希拉和特雷欧村相隔遥远，何况他们双方都已不再年轻，一般想来，再会是很难的。 ‖ 罗伦斯将视线从艾尔莎的侧像上移开，和她一样望着面前，开口说。 ‖ ►“唯独这句话，请你一定要对赫萝讲出来。”?????????????????? ‖ 他不知道此时艾尔莎的视线是否正盯着自己。 ‖ 只看到城镇广场上最热闹的那家酒馆前，今日依旧铺开酒宴佳肴。	唯独这句话，请你一定要对赫萝讲出来。	艾尔莎	0.55	赫萝			
1_54	狼与将晓之色	1	54	action	物理	罗伦斯	艾尔莎说这番话的时候，目光没有望向罗伦斯。纽希拉和特雷欧村相隔遥远，何况他们双方都已不再年轻，一般想来，再会是很难的。 ‖ 罗伦斯将视线从艾尔莎的侧像上移开，和她一样望着面前，开口说。 ‖ “唯独这句话，请你一定要对赫萝讲出来。”?????????????????? ‖ ►他不知道此时艾尔莎的视线是否正盯着自己。 ‖ 只看到城镇广场上最热闹的那家酒馆前，今日依旧铺开酒宴佳肴。 ‖ 即便在那样的骚乱嘈杂里，他也很快辨认出了那个轮廓，罗伦斯心中挚爱的那头狼的背影。	他不知道此时艾尔莎的视线是否正盯着自己。	艾尔莎	0.55	艾尔莎			
1_55	狼与将晓之色	1	55	action	物理	罗伦斯	罗伦斯将视线从艾尔莎的侧像上移开，和她一样望着面前，开口说。 ‖ “唯独这句话，请你一定要对赫萝讲出来。”?????????????????? ‖ 他不知道此时艾尔莎的视线是否正盯着自己。 ‖ ►只看到城镇广场上最热闹的那家酒馆前，今日依旧铺开酒宴佳肴。 ‖ 即便在那样的骚乱嘈杂里，他也很快辨认出了那个轮廓，罗伦斯心中挚爱的那头狼的背影。 ‖ “能不能好好地说出口，我心里有点没自信。”	只看到城镇广场上最热闹的那家酒馆前，今日依旧铺开酒宴佳肴。	罗伦斯	0.30	罗伦斯			
1_56	狼与将晓之色	1	56	action	物理	罗伦斯	“唯独这句话，请你一定要对赫萝讲出来。”?????????????????? ‖ 他不知道此时艾尔莎的视线是否正盯着自己。 ‖ 只看到城镇广场上最热闹的那家酒馆前，今日依旧铺开酒宴佳肴。 ‖ ►即便在那样的骚乱嘈杂里，他也很快辨认出了那个轮廓，罗伦斯心中挚爱的那头狼的背影。 ‖ “能不能好好地说出口，我心里有点没自信。” ‖ 尽管艾尔莎嘴上是这样说，但与赫萝以及塔妮娅汇合之后，罗伦斯如事先承诺地一样提起了今后的话题，艾尔莎还是很淡然地说出了她要说的话：自己差不多该回到特雷欧村去了，能与赫萝再会，她感到很开心。	即便在那样的骚乱嘈杂里，他也很快辨认出了那个轮廓，罗伦斯心中挚爱的那头狼的背影。	罗伦斯	0.55	罗伦斯			
1_57	狼与将晓之色	1	57	dialogue	anaphoric	罗伦斯	他不知道此时艾尔莎的视线是否正盯着自己。 ‖ 只看到城镇广场上最热闹的那家酒馆前，今日依旧铺开酒宴佳肴。 ‖ 即便在那样的骚乱嘈杂里，他也很快辨认出了那个轮廓，罗伦斯心中挚爱的那头狼的背影。 ‖ ►“能不能好好地说出口，我心里有点没自信。” ‖ 尽管艾尔莎嘴上是这样说，但与赫萝以及塔妮娅汇合之后，罗伦斯如事先承诺地一样提起了今后的话题，艾尔莎还是很淡然地说出了她要说的话：自己差不多该回到特雷欧村去了，能与赫萝再会，她感到很开心。 ‖ 也许是因为已经喝醉了酒，又或是因为要在塔妮娅面前表现出大姐的气度，赫萝没有对艾尔莎的道别表现出多悲伤的模样。	能不能好好地说出口，我心里有点没自信。	艾尔莎	0.55	艾尔莎			
1_58	狼与将晓之色	1	58	action	心理-自指	罗伦斯	只看到城镇广场上最热闹的那家酒馆前，今日依旧铺开酒宴佳肴。 ‖ 即便在那样的骚乱嘈杂里，他也很快辨认出了那个轮廓，罗伦斯心中挚爱的那头狼的背影。 ‖ “能不能好好地说出口，我心里有点没自信。” ‖ ►尽管艾尔莎嘴上是这样说，但与赫萝以及塔妮娅汇合之后，罗伦斯如事先承诺地一样提起了今后的话题，艾尔莎还是很淡然地说出了她要说的话：自己差不多该回到特雷欧村去了，能与赫萝再会，她感到很开心。 ‖ 也许是因为已经喝醉了酒，又或是因为要在塔妮娅面前表现出大姐的气度，赫萝没有对艾尔莎的道别表现出多悲伤的模样。 ‖ 再会吧。艾尔莎对她说出稍早了一些的道别之辞后，赫萝也表现得很积极，似乎是已经开始期待彼此的重逢了。	尽管艾尔莎嘴上是这样说，但与赫萝以及塔妮娅汇合之后，罗伦斯如事先承诺地一样提起了今后的话题，艾尔莎还是很淡然地说出了她要说的话：自己差不多该回到特雷欧村去了，能与赫萝再会，她感到很开心。	艾尔莎	0.55	艾尔莎			
1_59	狼与将晓之色	1	59	action	心理-推测	罗伦斯	即便在那样的骚乱嘈杂里，他也很快辨认出了那个轮廓，罗伦斯心中挚爱的那头狼的背影。 ‖ “能不能好好地说出口，我心里有点没自信。” ‖ 尽管艾尔莎嘴上是这样说，但与赫萝以及塔妮娅汇合之后，罗伦斯如事先承诺地一样提起了今后的话题，艾尔莎还是很淡然地说出了她要说的话：自己差不多该回到特雷欧村去了，能与赫萝再会，她感到很开心。 ‖ ►也许是因为已经喝醉了酒，又或是因为要在塔妮娅面前表现出大姐的气度，赫萝没有对艾尔莎的道别表现出多悲伤的模样。 ‖ 再会吧。艾尔莎对她说出稍早了一些的道别之辞后，赫萝也表现得很积极，似乎是已经开始期待彼此的重逢了。 ‖ 当天晚上，塔妮娅和艾尔莎一同回到教会，罗伦斯则是拉着脚下已经踉踉跄跄的赫萝回到旅舍。他有了一种错觉，仿佛赫萝是借着酒力才承担住了旅途中难免的离别寂寞，并且将它轻轻地放在脚旁。	也许是因为已经喝醉了酒，又或是因为要在塔妮娅面前表现出大姐的气度，赫萝没有对艾尔莎的道别表现出多悲伤的模样。	罗伦斯	0.40	赫萝	赫萝		
1_60	狼与将晓之色	1	60	action	心理-推测	罗伦斯	“能不能好好地说出口，我心里有点没自信。” ‖ 尽管艾尔莎嘴上是这样说，但与赫萝以及塔妮娅汇合之后，罗伦斯如事先承诺地一样提起了今后的话题，艾尔莎还是很淡然地说出了她要说的话：自己差不多该回到特雷欧村去了，能与赫萝再会，她感到很开心。 ‖ 也许是因为已经喝醉了酒，又或是因为要在塔妮娅面前表现出大姐的气度，赫萝没有对艾尔莎的道别表现出多悲伤的模样。 ‖ ►再会吧。艾尔莎对她说出稍早了一些的道别之辞后，赫萝也表现得很积极，似乎是已经开始期待彼此的重逢了。 ‖ 当天晚上，塔妮娅和艾尔莎一同回到教会，罗伦斯则是拉着脚下已经踉踉跄跄的赫萝回到旅舍。他有了一种错觉，仿佛赫萝是借着酒力才承担住了旅途中难免的离别寂寞，并且将它轻轻地放在脚旁。 ‖ 然后一夜过去，到了今天，赫萝一早又鼓起了十二分干劲，踌躇满志地加入了饮酒比试的人群中。罗伦斯则是从旅舍里眺望着妻子的英姿，脑海中开始盘算起启程的事宜。	再会吧。艾尔莎对她说出稍早了一些的道别之辞后，赫萝也表现得很积极，似乎是已经开始期待彼此的重逢了。	罗伦斯	0.40	艾尔莎	艾尔莎		
1_61	狼与将晓之色	1	61	action	物理	罗伦斯	尽管艾尔莎嘴上是这样说，但与赫萝以及塔妮娅汇合之后，罗伦斯如事先承诺地一样提起了今后的话题，艾尔莎还是很淡然地说出了她要说的话：自己差不多该回到特雷欧村去了，能与赫萝再会，她感到很开心。 ‖ 也许是因为已经喝醉了酒，又或是因为要在塔妮娅面前表现出大姐的气度，赫萝没有对艾尔莎的道别表现出多悲伤的模样。 ‖ 再会吧。艾尔莎对她说出稍早了一些的道别之辞后，赫萝也表现得很积极，似乎是已经开始期待彼此的重逢了。 ‖ ►当天晚上，塔妮娅和艾尔莎一同回到教会，罗伦斯则是拉着脚下已经踉踉跄跄的赫萝回到旅舍。他有了一种错觉，仿佛赫萝是借着酒力才承担住了旅途中难免的离别寂寞，并且将它轻轻地放在脚旁。 ‖ 然后一夜过去，到了今天，赫萝一早又鼓起了十二分干劲，踌躇满志地加入了饮酒比试的人群中。罗伦斯则是从旅舍里眺望着妻子的英姿，脑海中开始盘算起启程的事宜。 ‖ 启程。这个字眼总是带着一种倦怠，但罗伦斯另有一项重大使命——要确认独生女儿缪莉过得怎样。他有千百重即刻就背起行囊迈开脚步的理由，却没有丝毫拖拖拉拉的道理。	当天晚上，塔妮娅和艾尔莎一同回到教会，罗伦斯则是拉着脚下已经踉踉跄跄的赫萝回到旅舍。他有了一种错觉，仿佛赫萝是借着酒力才承担住了旅途中难免的离别寂寞，并且将它轻轻地放在脚旁。	艾尔莎	0.55	艾尔莎			
1_62	狼与将晓之色	1	62	action	心理-自指	罗伦斯	也许是因为已经喝醉了酒，又或是因为要在塔妮娅面前表现出大姐的气度，赫萝没有对艾尔莎的道别表现出多悲伤的模样。 ‖ 再会吧。艾尔莎对她说出稍早了一些的道别之辞后，赫萝也表现得很积极，似乎是已经开始期待彼此的重逢了。 ‖ 当天晚上，塔妮娅和艾尔莎一同回到教会，罗伦斯则是拉着脚下已经踉踉跄跄的赫萝回到旅舍。他有了一种错觉，仿佛赫萝是借着酒力才承担住了旅途中难免的离别寂寞，并且将它轻轻地放在脚旁。 ‖ ►然后一夜过去，到了今天，赫萝一早又鼓起了十二分干劲，踌躇满志地加入了饮酒比试的人群中。罗伦斯则是从旅舍里眺望着妻子的英姿，脑海中开始盘算起启程的事宜。 ‖ 启程。这个字眼总是带着一种倦怠，但罗伦斯另有一项重大使命——要确认独生女儿缪莉过得怎样。他有千百重即刻就背起行囊迈开脚步的理由，却没有丝毫拖拖拉拉的道理。 ‖ 尽管如此，师傅的旧事却浮现在脑海中，这大概是因为他内心也对接下来的行程有一抹不安。	然后一夜过去，到了今天，赫萝一早又鼓起了十二分干劲，踌躇满志地加入了饮酒比试的人群中。罗伦斯则是从旅舍里眺望着妻子的英姿，脑海中开始盘算起启程的事宜。	赫萝	0.55	赫萝			
1_63	狼与将晓之色	1	63	action	物理	罗伦斯	再会吧。艾尔莎对她说出稍早了一些的道别之辞后，赫萝也表现得很积极，似乎是已经开始期待彼此的重逢了。 ‖ 当天晚上，塔妮娅和艾尔莎一同回到教会，罗伦斯则是拉着脚下已经踉踉跄跄的赫萝回到旅舍。他有了一种错觉，仿佛赫萝是借着酒力才承担住了旅途中难免的离别寂寞，并且将它轻轻地放在脚旁。 ‖ 然后一夜过去，到了今天，赫萝一早又鼓起了十二分干劲，踌躇满志地加入了饮酒比试的人群中。罗伦斯则是从旅舍里眺望着妻子的英姿，脑海中开始盘算起启程的事宜。 ‖ ►启程。这个字眼总是带着一种倦怠，但罗伦斯另有一项重大使命——要确认独生女儿缪莉过得怎样。他有千百重即刻就背起行囊迈开脚步的理由，却没有丝毫拖拖拉拉的道理。 ‖ 尽管如此，师傅的旧事却浮现在脑海中，这大概是因为他内心也对接下来的行程有一抹不安。 ‖ 不安的理由，并非是缪莉的行踪依然不清楚，也并非是接下来的冬日旅路要面临诸多艰辛，而是更低俗的，更易懂的，可能还会让一些人大跌眼镜的问题。	启程。这个字眼总是带着一种倦怠，但罗伦斯另有一项重大使命——要确认独生女儿缪莉过得怎样。他有千百重即刻就背起行囊迈开脚步的理由，却没有丝毫拖拖拉拉的道理。	罗伦斯	0.55	罗伦斯			
1_64	狼与将晓之色	1	64	action	心理-自指	罗伦斯	当天晚上，塔妮娅和艾尔莎一同回到教会，罗伦斯则是拉着脚下已经踉踉跄跄的赫萝回到旅舍。他有了一种错觉，仿佛赫萝是借着酒力才承担住了旅途中难免的离别寂寞，并且将它轻轻地放在脚旁。 ‖ 然后一夜过去，到了今天，赫萝一早又鼓起了十二分干劲，踌躇满志地加入了饮酒比试的人群中。罗伦斯则是从旅舍里眺望着妻子的英姿，脑海中开始盘算起启程的事宜。 ‖ 启程。这个字眼总是带着一种倦怠，但罗伦斯另有一项重大使命——要确认独生女儿缪莉过得怎样。他有千百重即刻就背起行囊迈开脚步的理由，却没有丝毫拖拖拉拉的道理。 ‖ ►尽管如此，师傅的旧事却浮现在脑海中，这大概是因为他内心也对接下来的行程有一抹不安。 ‖ 不安的理由，并非是缪莉的行踪依然不清楚，也并非是接下来的冬日旅路要面临诸多艰辛，而是更低俗的，更易懂的，可能还会让一些人大跌眼镜的问题。 ‖ 罗伦斯担心的是，与艾尔莎等人度过了意想不到、头晕目眩的热闹日子之后接踵而来的，那种挥之不去的寂寞感。	尽管如此，师傅的旧事却浮现在脑海中，这大概是因为他内心也对接下来的行程有一抹不安。	罗伦斯	0.30	艾尔莎			
1_65	狼与将晓之色	1	65	action	物理	罗伦斯	然后一夜过去，到了今天，赫萝一早又鼓起了十二分干劲，踌躇满志地加入了饮酒比试的人群中。罗伦斯则是从旅舍里眺望着妻子的英姿，脑海中开始盘算起启程的事宜。 ‖ 启程。这个字眼总是带着一种倦怠，但罗伦斯另有一项重大使命——要确认独生女儿缪莉过得怎样。他有千百重即刻就背起行囊迈开脚步的理由，却没有丝毫拖拖拉拉的道理。 ‖ 尽管如此，师傅的旧事却浮现在脑海中，这大概是因为他内心也对接下来的行程有一抹不安。 ‖ ►不安的理由，并非是缪莉的行踪依然不清楚，也并非是接下来的冬日旅路要面临诸多艰辛，而是更低俗的，更易懂的，可能还会让一些人大跌眼镜的问题。 ‖ 罗伦斯担心的是，与艾尔莎等人度过了意想不到、头晕目眩的热闹日子之后接踵而来的，那种挥之不去的寂寞感。 ‖ 野猫一样的师傅之所以不愿与人深交，或许是因为他实在是谨慎极了，胆小极了，宁可舍弃旅途人脉带来的商机，也不愿意被退潮一样的寂寥感缠身。罗伦斯不禁在心中如此猜想。	不安的理由，并非是缪莉的行踪依然不清楚，也并非是接下来的冬日旅路要面临诸多艰辛，而是更低俗的，更易懂的，可能还会让一些人大跌眼镜的问题。	罗伦斯	0.30	罗伦斯			
1_66	狼与将晓之色	1	66	action	心理-自指	罗伦斯	启程。这个字眼总是带着一种倦怠，但罗伦斯另有一项重大使命——要确认独生女儿缪莉过得怎样。他有千百重即刻就背起行囊迈开脚步的理由，却没有丝毫拖拖拉拉的道理。 ‖ 尽管如此，师傅的旧事却浮现在脑海中，这大概是因为他内心也对接下来的行程有一抹不安。 ‖ 不安的理由，并非是缪莉的行踪依然不清楚，也并非是接下来的冬日旅路要面临诸多艰辛，而是更低俗的，更易懂的，可能还会让一些人大跌眼镜的问题。 ‖ ►罗伦斯担心的是，与艾尔莎等人度过了意想不到、头晕目眩的热闹日子之后接踵而来的，那种挥之不去的寂寞感。 ‖ 野猫一样的师傅之所以不愿与人深交，或许是因为他实在是谨慎极了，胆小极了，宁可舍弃旅途人脉带来的商机，也不愿意被退潮一样的寂寥感缠身。罗伦斯不禁在心中如此猜想。 ‖ 罗伦斯与他的告别也是一样唐突。某日早上睁开眼睛，师傅就消失了踪影。	罗伦斯担心的是，与艾尔莎等人度过了意想不到、头晕目眩的热闹日子之后接踵而来的，那种挥之不去的寂寞感。	罗伦斯	0.55	罗伦斯			
1_67	狼与将晓之色	1	67	action	心理-自指	罗伦斯	尽管如此，师傅的旧事却浮现在脑海中，这大概是因为他内心也对接下来的行程有一抹不安。 ‖ 不安的理由，并非是缪莉的行踪依然不清楚，也并非是接下来的冬日旅路要面临诸多艰辛，而是更低俗的，更易懂的，可能还会让一些人大跌眼镜的问题。 ‖ 罗伦斯担心的是，与艾尔莎等人度过了意想不到、头晕目眩的热闹日子之后接踵而来的，那种挥之不去的寂寞感。 ‖ ►野猫一样的师傅之所以不愿与人深交，或许是因为他实在是谨慎极了，胆小极了，宁可舍弃旅途人脉带来的商机，也不愿意被退潮一样的寂寥感缠身。罗伦斯不禁在心中如此猜想。 ‖ 罗伦斯与他的告别也是一样唐突。某日早上睁开眼睛，师傅就消失了踪影。 ‖ 被丢下了，被舍弃了，还想再让师傅陪自己走一程——这些想法都没有在罗伦斯的脑海里出现过。原因是他忽地变成了孤零零的一个人，单是为了活下去，就要竭尽全力，使出吃奶的劲来。他无暇去想。	野猫一样的师傅之所以不愿与人深交，或许是因为他实在是谨慎极了，胆小极了，宁可舍弃旅途人脉带来的商机，也不愿意被退潮一样的寂寥感缠身。罗伦斯不禁在心中如此猜想。	罗伦斯	0.55	罗伦斯			
1_68	狼与将晓之色	1	68	action	物理	罗伦斯	不安的理由，并非是缪莉的行踪依然不清楚，也并非是接下来的冬日旅路要面临诸多艰辛，而是更低俗的，更易懂的，可能还会让一些人大跌眼镜的问题。 ‖ 罗伦斯担心的是，与艾尔莎等人度过了意想不到、头晕目眩的热闹日子之后接踵而来的，那种挥之不去的寂寞感。 ‖ 野猫一样的师傅之所以不愿与人深交，或许是因为他实在是谨慎极了，胆小极了，宁可舍弃旅途人脉带来的商机，也不愿意被退潮一样的寂寥感缠身。罗伦斯不禁在心中如此猜想。 ‖ ►罗伦斯与他的告别也是一样唐突。某日早上睁开眼睛，师傅就消失了踪影。 ‖ 被丢下了，被舍弃了，还想再让师傅陪自己走一程——这些想法都没有在罗伦斯的脑海里出现过。原因是他忽地变成了孤零零的一个人，单是为了活下去，就要竭尽全力，使出吃奶的劲来。他无暇去想。 ‖ 终于能以旅行商人的身份安稳下来，再想起与师傅的离别时，过去的记忆都已经被磨平了棱角，没带来什么剧痛就沉降到了内心深处。	罗伦斯与他的告别也是一样唐突。某日早上睁开眼睛，师傅就消失了踪影。	罗伦斯	0.55	罗伦斯			
1_69	狼与将晓之色	1	69	action	心理-自指	罗伦斯	罗伦斯担心的是，与艾尔莎等人度过了意想不到、头晕目眩的热闹日子之后接踵而来的，那种挥之不去的寂寞感。 ‖ 野猫一样的师傅之所以不愿与人深交，或许是因为他实在是谨慎极了，胆小极了，宁可舍弃旅途人脉带来的商机，也不愿意被退潮一样的寂寥感缠身。罗伦斯不禁在心中如此猜想。 ‖ 罗伦斯与他的告别也是一样唐突。某日早上睁开眼睛，师傅就消失了踪影。 ‖ ►被丢下了，被舍弃了，还想再让师傅陪自己走一程——这些想法都没有在罗伦斯的脑海里出现过。原因是他忽地变成了孤零零的一个人，单是为了活下去，就要竭尽全力，使出吃奶的劲来。他无暇去想。 ‖ 终于能以旅行商人的身份安稳下来，再想起与师傅的离别时，过去的记忆都已经被磨平了棱角，没带来什么剧痛就沉降到了内心深处。 ‖ 那一定是师傅表达的体贴。如今，罗伦斯在心中得出了这样的结论。	被丢下了，被舍弃了，还想再让师傅陪自己走一程——这些想法都没有在罗伦斯的脑海里出现过。原因是他忽地变成了孤零零的一个人，单是为了活下去，就要竭尽全力，使出吃奶的劲来。他无暇去想。	罗伦斯	0.55	罗伦斯			
1_70	狼与将晓之色	1	70	action	心理-自指	罗伦斯	野猫一样的师傅之所以不愿与人深交，或许是因为他实在是谨慎极了，胆小极了，宁可舍弃旅途人脉带来的商机，也不愿意被退潮一样的寂寥感缠身。罗伦斯不禁在心中如此猜想。 ‖ 罗伦斯与他的告别也是一样唐突。某日早上睁开眼睛，师傅就消失了踪影。 ‖ 被丢下了，被舍弃了，还想再让师傅陪自己走一程——这些想法都没有在罗伦斯的脑海里出现过。原因是他忽地变成了孤零零的一个人，单是为了活下去，就要竭尽全力，使出吃奶的劲来。他无暇去想。 ‖ ►终于能以旅行商人的身份安稳下来，再想起与师傅的离别时，过去的记忆都已经被磨平了棱角，没带来什么剧痛就沉降到了内心深处。 ‖ 那一定是师傅表达的体贴。如今，罗伦斯在心中得出了这样的结论。 ‖ 当初显得漫不经心，过后才渐渐明白其分量。那个性格偏颇的师傅如此的方法论是否正确，尚有一番议论余地，无论如何，罗伦斯确实是学到了何为气魄。回顾自己的人生路，他甚至觉得这一点才是最为宝贵的，胜过他学到的其他任何关于经商的技巧。	终于能以旅行商人的身份安稳下来，再想起与师傅的离别时，过去的记忆都已经被磨平了棱角，没带来什么剧痛就沉降到了内心深处。	罗伦斯	0.55	罗伦斯			
1_71	狼与将晓之色	1	71	action	物理	罗伦斯	罗伦斯与他的告别也是一样唐突。某日早上睁开眼睛，师傅就消失了踪影。 ‖ 被丢下了，被舍弃了，还想再让师傅陪自己走一程——这些想法都没有在罗伦斯的脑海里出现过。原因是他忽地变成了孤零零的一个人，单是为了活下去，就要竭尽全力，使出吃奶的劲来。他无暇去想。 ‖ 终于能以旅行商人的身份安稳下来，再想起与师傅的离别时，过去的记忆都已经被磨平了棱角，没带来什么剧痛就沉降到了内心深处。 ‖ ►那一定是师傅表达的体贴。如今，罗伦斯在心中得出了这样的结论。 ‖ 当初显得漫不经心，过后才渐渐明白其分量。那个性格偏颇的师傅如此的方法论是否正确，尚有一番议论余地，无论如何，罗伦斯确实是学到了何为气魄。回顾自己的人生路，他甚至觉得这一点才是最为宝贵的，胜过他学到的其他任何关于经商的技巧。 ‖ 那么，自己也要在旅伴面对同样的境遇时，好好对她关心一番才行。	那一定是师傅表达的体贴。如今，罗伦斯在心中得出了这样的结论。	罗伦斯	0.55	罗伦斯			
1_72	狼与将晓之色	1	72	action	心理-自指	罗伦斯	被丢下了，被舍弃了，还想再让师傅陪自己走一程——这些想法都没有在罗伦斯的脑海里出现过。原因是他忽地变成了孤零零的一个人，单是为了活下去，就要竭尽全力，使出吃奶的劲来。他无暇去想。 ‖ 终于能以旅行商人的身份安稳下来，再想起与师傅的离别时，过去的记忆都已经被磨平了棱角，没带来什么剧痛就沉降到了内心深处。 ‖ 那一定是师傅表达的体贴。如今，罗伦斯在心中得出了这样的结论。 ‖ ►当初显得漫不经心，过后才渐渐明白其分量。那个性格偏颇的师傅如此的方法论是否正确，尚有一番议论余地，无论如何，罗伦斯确实是学到了何为气魄。回顾自己的人生路，他甚至觉得这一点才是最为宝贵的，胜过他学到的其他任何关于经商的技巧。 ‖ 那么，自己也要在旅伴面对同样的境遇时，好好对她关心一番才行。 ‖ ——你的徒弟如今也应该算是个响当当的商人了。罗伦斯对着记忆中的师傅说完，一口气喝干了剩下的麦酒。	当初显得漫不经心，过后才渐渐明白其分量。那个性格偏颇的师傅如此的方法论是否正确，尚有一番议论余地，无论如何，罗伦斯确实是学到了何为气魄。回顾自己的人生路，他甚至觉得这一点才是最为宝贵的，胜过他学到的其他任何关于经商的技巧。	罗伦斯	0.55	罗伦斯			
1_73	狼与将晓之色	1	73	action	物理	罗伦斯	终于能以旅行商人的身份安稳下来，再想起与师傅的离别时，过去的记忆都已经被磨平了棱角，没带来什么剧痛就沉降到了内心深处。 ‖ 那一定是师傅表达的体贴。如今，罗伦斯在心中得出了这样的结论。 ‖ 当初显得漫不经心，过后才渐渐明白其分量。那个性格偏颇的师傅如此的方法论是否正确，尚有一番议论余地，无论如何，罗伦斯确实是学到了何为气魄。回顾自己的人生路，他甚至觉得这一点才是最为宝贵的，胜过他学到的其他任何关于经商的技巧。 ‖ ►那么，自己也要在旅伴面对同样的境遇时，好好对她关心一番才行。 ‖ ——你的徒弟如今也应该算是个响当当的商人了。罗伦斯对着记忆中的师傅说完，一口气喝干了剩下的麦酒。 ‖ 窗外，已然成为撒罗尼亚城中名人的赫萝，正与五大三粗的挑夫面对面地喝着交杯酒。	那么，自己也要在旅伴面对同样的境遇时，好好对她关心一番才行。	罗伦斯	0.30	艾尔莎			
1_74	狼与将晓之色	1	74	action	物理	罗伦斯	那一定是师傅表达的体贴。如今，罗伦斯在心中得出了这样的结论。 ‖ 当初显得漫不经心，过后才渐渐明白其分量。那个性格偏颇的师傅如此的方法论是否正确，尚有一番议论余地，无论如何，罗伦斯确实是学到了何为气魄。回顾自己的人生路，他甚至觉得这一点才是最为宝贵的，胜过他学到的其他任何关于经商的技巧。 ‖ 那么，自己也要在旅伴面对同样的境遇时，好好对她关心一番才行。 ‖ ►——你的徒弟如今也应该算是个响当当的商人了。罗伦斯对着记忆中的师傅说完，一口气喝干了剩下的麦酒。 ‖ 窗外，已然成为撒罗尼亚城中名人的赫萝，正与五大三粗的挑夫面对面地喝着交杯酒。 ‖ “明天她大概要宿醉，看来出发不是后天，就是大后天了。”	——你的徒弟如今也应该算是个响当当的商人了。罗伦斯对着记忆中的师傅说完，一口气喝干了剩下的麦酒。	罗伦斯	0.55	罗伦斯			
1_75	狼与将晓之色	1	75	action	物理	罗伦斯	当初显得漫不经心，过后才渐渐明白其分量。那个性格偏颇的师傅如此的方法论是否正确，尚有一番议论余地，无论如何，罗伦斯确实是学到了何为气魄。回顾自己的人生路，他甚至觉得这一点才是最为宝贵的，胜过他学到的其他任何关于经商的技巧。 ‖ 那么，自己也要在旅伴面对同样的境遇时，好好对她关心一番才行。 ‖ ——你的徒弟如今也应该算是个响当当的商人了。罗伦斯对着记忆中的师傅说完，一口气喝干了剩下的麦酒。 ‖ ►窗外，已然成为撒罗尼亚城中名人的赫萝，正与五大三粗的挑夫面对面地喝着交杯酒。 ‖ “明天她大概要宿醉，看来出发不是后天，就是大后天了。” ‖ 罗伦斯自言自语地说完，然后站起身来，拿起外套走出了旅舍。	窗外，已然成为撒罗尼亚城中名人的赫萝，正与五大三粗的挑夫面对面地喝着交杯酒。	赫萝	0.55	赫萝			
1_76	狼与将晓之色	1	76	dialogue	anaphoric	罗伦斯	那么，自己也要在旅伴面对同样的境遇时，好好对她关心一番才行。 ‖ ——你的徒弟如今也应该算是个响当当的商人了。罗伦斯对着记忆中的师傅说完，一口气喝干了剩下的麦酒。 ‖ 窗外，已然成为撒罗尼亚城中名人的赫萝，正与五大三粗的挑夫面对面地喝着交杯酒。 ‖ ►“明天她大概要宿醉，看来出发不是后天，就是大后天了。” ‖ 罗伦斯自言自语地说完，然后站起身来，拿起外套走出了旅舍。 ‖ 仍旧开着的木窗外，喝干了酒的赫萝高举起大酒杯，接受着众人的欢呼喝彩。	明天她大概要宿醉，看来出发不是后天，就是大后天了。	罗伦斯	0.55	罗伦斯			
1_77	狼与将晓之色	1	77	action	物理	罗伦斯	——你的徒弟如今也应该算是个响当当的商人了。罗伦斯对着记忆中的师傅说完，一口气喝干了剩下的麦酒。 ‖ 窗外，已然成为撒罗尼亚城中名人的赫萝，正与五大三粗的挑夫面对面地喝着交杯酒。 ‖ “明天她大概要宿醉，看来出发不是后天，就是大后天了。” ‖ ►罗伦斯自言自语地说完，然后站起身来，拿起外套走出了旅舍。 ‖ 仍旧开着的木窗外，喝干了酒的赫萝高举起大酒杯，接受着众人的欢呼喝彩。	罗伦斯自言自语地说完，然后站起身来，拿起外套走出了旅舍。	罗伦斯	0.55	罗伦斯			
1_78	狼与将晓之色	1	78	action	物理	罗伦斯	窗外，已然成为撒罗尼亚城中名人的赫萝，正与五大三粗的挑夫面对面地喝着交杯酒。 ‖ “明天她大概要宿醉，看来出发不是后天，就是大后天了。” ‖ 罗伦斯自言自语地说完，然后站起身来，拿起外套走出了旅舍。 ‖ ►仍旧开着的木窗外，喝干了酒的赫萝高举起大酒杯，接受着众人的欢呼喝彩。	仍旧开着的木窗外，喝干了酒的赫萝高举起大酒杯，接受着众人的欢呼喝彩。	赫萝	0.55	赫萝			
1_0	狼与尾巴的圆舞	1	0	action	物理	赫萝	►这天深夜，罗伦斯在寒意中醒来。睡眼惺忪的他一手将毛毯拉过肩膀还不够，一手在被窝里摸索。他找的是质地与毛毯完全不同的蓬松毛皮。 ‖ 而且那还是有血有肉的活毛皮，连主人一起拥在怀里即是无上的温暖。美中不足是毛皮的主人睡相太差，但只要不挨头槌，严冬也能一觉到天明。 ‖ 然而不管罗伦斯在黑暗里怎么往毛毯底下摸，也摸不到想找的东西。难道是出去喝水了吗？眼睛睁开一条缝之后，他才终于想起。	这天深夜，罗伦斯在寒意中醒来。睡眼惺忪的他一手将毛毯拉过肩膀还不够，一手在被窝里摸索。他找的是质地与毛毯完全不同的蓬松毛皮。	罗伦斯	0.55	罗伦斯			
1_7	狼与尾巴的圆舞	1	7	action	心理-推测	赫萝	罗伦斯将失去归宿的手摆在胸膛上。穿过窗缝的月光照在天花板上，像爪痕一样。距离天亮还久得很。 ‖ 他抹抹脸，轻声叹气。 ‖ 第一晚，他还觉得反而轻松呢。 ‖ ►离开纽希拉的温泉旅馆下山旅行后，也许是因为感觉开阔，或是不用在女儿面前装稳重了，赫萝的饮酒量明显增加。她很喜欢醉了倒头就睡，罗伦斯就得在她睡前代为处理很多事。当然，罗伦斯并不讨厌这样，而赫萝也多半只是装醉来享受有人服侍的感觉，但累还是会累。 ‖ 所以罗伦斯起先是带着放松的喘息，品味这久违了的宁静夜晚。 ‖ 到了第二晚，他就有点闲得发慌了。	离开纽希拉的温泉旅馆下山旅行后，也许是因为感觉开阔，或是不用在女儿面前装稳重了，赫萝的饮酒量明显增加。她很喜欢醉了倒头就睡，罗伦斯就得在她睡前代为处理很多事。当然，罗伦斯并不讨厌这样，而赫萝也多半只是装醉来享受有人服侍的感觉，但累还是会累。	赫萝	0.40	赫萝	罗伦斯		
2_39	狼与尾巴的圆舞	2	39	action	心理-推测	赫萝	赫萝尾巴大幅摇摆起来，罗伦斯替艾莉莎拿了点农具。 ‖ 罗伦斯向赫萝介绍艾莉莎跟现煮羊奶一起拿出来的东西。那是一种在艾莉莎的故乡已经变成名产的硬面包，叫作饼干。 ‖ “嗯，很有嚼头呐。” ‖ ►赫萝啃得喀喀响。最近不只松脆的点心受欢迎，口感硬的也异军突起。罗伦斯猜想艾莉莎特地端硬的出来，多半是因为狗喜欢啃骨头，并将饼干用羊奶泡软了吃。饼干里除了奶油、盐和蛋，还用了砂糖这样的奢侈品。平时呼吁节俭的艾莉莎也会这么慷慨，让罗伦斯很惊讶。 ‖ “这位希尔德先生，也有参加你们的婚礼吧？” ‖ 艾莉莎摊开希尔德给她的信并这么问。	赫萝啃得喀喀响。最近不只松脆的点心受欢迎，口感硬的也异军突起。罗伦斯猜想艾莉莎特地端硬的出来，多半是因为狗喜欢啃骨头，并将饼干用羊奶泡软了吃。饼干里除了奶油、盐和蛋，还用了砂糖这样的奢侈品。平时呼吁节俭的艾莉莎也会这么慷慨，让罗伦斯很惊讶。	赫萝	0.40	赫萝	罗伦斯		
2_49	狼与尾巴的圆舞	2	49	dialogue	anaphoric	赫萝	赫萝的狼耳朵弹起来，眼睛瞪过去。 ‖ “大笨驴，咱怎么可能干那种事。当然，要是兔子自己怕了咱的威严，咱就管不着喽。” ‖ 虽然她骄傲得挺起胸膛，但她自己也清楚希尔德不可能这么懦弱。 ‖ ►“不过，他不只是针对山的状况问了很多，天使之门的事更是问到咱都烦了。说那么多话，润喉也是很累的。” ‖ 她喝的酒恐怕跟说的话一样多吧。而希尔德提出的数字，看来也是诚实地加总了山本身与天使之门的价值。 ‖ 另外，天使之门是炼金术师以其技术制成的工具，实际上是用来聚集太阳光代替火烧的金属镜。罗伦斯知道用来放大文字的玻璃珠有时会引起火灾，但当初也没想到精密捶制过的巨大金属板，真的也能造成足以炼铁的高温。	不过，他不只是针对山的状况问了很多，天使之门的事更是问到咱都烦了。说那么多话，润喉也是很累的。	希尔德	0.55	希尔德			
2_50	狼与尾巴的圆舞	2	50	action	心理-推测	赫萝	“大笨驴，咱怎么可能干那种事。当然，要是兔子自己怕了咱的威严，咱就管不着喽。” ‖ 虽然她骄傲得挺起胸膛，但她自己也清楚希尔德不可能这么懦弱。 ‖ “不过，他不只是针对山的状况问了很多，天使之门的事更是问到咱都烦了。说那么多话，润喉也是很累的。” ‖ ►她喝的酒恐怕跟说的话一样多吧。而希尔德提出的数字，看来也是诚实地加总了山本身与天使之门的价值。 ‖ 另外，天使之门是炼金术师以其技术制成的工具，实际上是用来聚集太阳光代替火烧的金属镜。罗伦斯知道用来放大文字的玻璃珠有时会引起火灾，但当初也没想到精密捶制过的巨大金属板，真的也能造成足以炼铁的高温。 ‖ 如同狼体型大到赫萝那样就会被人当神膜拜，广为人知的现象以巨大规模发生时，往往会突然变成未知的奇迹。这就是一个活生生的例子。	她喝的酒恐怕跟说的话一样多吧。而希尔德提出的数字，看来也是诚实地加总了山本身与天使之门的价值。	赫萝	0.40	赫萝	希尔德		
2_65	狼与尾巴的圆舞	2	65	dialogue	anaphoric	赫萝	赫萝这么插嘴，并咧嘴威吓往木碗里最后一片饼干伸手的罗伦斯。 ‖ “麻烦？为什么？” ‖ 开心大嚼最后一片饼干的赫萝舔舔手指回答： ‖ ►“等会儿咱们不是要带你的回信到北方去吗？而且信上写的是很大一笔钱。咱也跟这头大笨驴旅行了很久，大概想像得到那会是多少货币。如果要把这么大一笔钱送到这里来，想也知道是谁要扛这件事。” ‖ 赫萝一脸嫌麻烦地靠上椅背。 ‖ 艾莉莎眨眨眼睛，再看向罗伦斯。	等会儿咱们不是要带你的回信到北方去吗？而且信上写的是很大一笔钱。咱也跟这头大笨驴旅行了很久，大概想像得到那会是多少货币。如果要把这么大一笔钱送到这里来，想也知道是谁要扛这件事。	赫萝	0.55	赫萝			
2_87	狼与尾巴的圆舞	2	87	dialogue	unmarked	赫萝	“……又是汝等那种魔法啊？” ‖ “在艾莉莎小姐面前，我哪敢讲魔法。” ‖ 艾莉莎当然不在乎这种小玩笑，继续优雅地啜饮羊奶。 ‖ ►“你说得没错，运送那么多现金是很辛苦的事，还很危险。所以希尔德先生就在这张纸上签名保证它的价值。我们只要拿这张纸到够大的商行去，就能领到纸上写的金额了，很厉害吧？” ‖ 这就是商人之间的信用网络。在相隔两地的商行所织起的商业网目之间流动的，是名为信用的货币。薄薄的一张纸，就能代替闪亮亮的金币。 ‖ 在家里囤积金山银山的吝啬鬼，为何总是被形容成疑神疑鬼的丑陋角色，答案就在这里。	你说得没错，运送那么多现金是很辛苦的事，还很危险。所以希尔德先生就在这张纸上签名保证它的价值。我们只要拿这张纸到够大的商行去，就能领到纸上写的金额了，很厉害吧？	赫萝	0.40	赫萝			
1_5	狼与收获之秋	1	5	action	物理	罗伦斯	想到这里，他才看清眼前的情景，是赫萝正在打理尾巴。 ‖ “原来是这声音啊……” ‖ 一旦开始下雪，旅店的工作就立马会变得忙碌。罗伦斯松了一口气，抬起的脑袋也再次垂了下去。 ‖ ►眼下才进入秋天的门槛，夏天的泡汤客人们刚刚离去，冬季营业的准备又还早，在这段贵重的时间里，早上就是睡个回笼觉也没有问题。 ‖ “掉下来的毛你要好好收拾啊……” ‖ 说完这句话，罗伦斯把毛毯拉到肩膀的位置，然后又翻身背对赫萝睡下了。	眼下才进入秋天的门槛，夏天的泡汤客人们刚刚离去，冬季营业的准备又还早，在这段贵重的时间里，早上就是睡个回笼觉也没有问题。	罗伦斯	0.30	罗伦斯			
2_0	狼与收获之秋	2	0	action	心理-推测	赫萝	►对掌管后厨的汉娜，以及才来旅店不满一年，却将杂务到账簿一手包揽的赛莉姆嘱咐完各类事项后，罗伦斯离开了旅店。回笼觉睡得太久，此时已经临近中午。在这平日里白昼就没有多长的纽希拉，天色恐怕很快就要暗下来了。 ‖ 罗伦斯挎在肩上的袋子里装着白天吃的面包、烤好的咸肉。除此之外背上还背了几个袋子：叠起来的用来装捡拾的树果和蘑菇，另外的皮袋里则是路上喝的水和葡萄酒。 ‖ 这副模样看起来简直如同走街串巷的货郎一样，而快步走在前面的赫萝则一身轻装，正用拾来的树枝逗弄蜻蜓。	对掌管后厨的汉娜，以及才来旅店不满一年，却将杂务到账簿一手包揽的赛莉姆嘱咐完各类事项后，罗伦斯离开了旅店。回笼觉睡得太久，此时已经临近中午。在这平日里白昼就没有多长的纽希拉，天色恐怕很快就要暗下来了。	赫萝	0.40	赫萝	罗伦斯		
2_17	狼与收获之秋	2	17	action	心理-推测	赫萝	往年他们身边还有独生女缪莉在。如太阳的化身般天真烂漫的缪莉，一钻进森林就真的变成了一头小狼。朝前跑的时候看都不看路，跌跤，摔在地上，然后哈哈大笑起来。打着试胆的旗号把毒蘑菇放进嘴里也不是一次两次。 ‖ 今年罗伦斯再不需要为缪莉的大胆行径而提心吊胆，他甚至还能一边走，一边悠哉地看着栗鼠坐在枝头啃食树果的模样。 ‖ 只不过，那种让人头疼的喧闹，罗伦斯其实很喜欢。 ‖ ►缪莉追着她像兄长般仰慕的柯尔外出旅行，已经过去了多半年的时间。自己之所以会挂念他们俩，也许不单单是因为一颗父母心，更是因为想念那钟已经消失了的喧闹。罗伦斯心想道。 ‖ 倘若是这样，每当罗伦斯挂念起缪莉，翻来覆去地读他们寄来的信时，赫萝也的确有理由责备他是个大傻瓜了。 ‖ 毕竟，眼下赫萝之所以表现出一副莫名的愉快模样，大概正是为了填补自己心中的这个空隙。	缪莉追着她像兄长般仰慕的柯尔外出旅行，已经过去了多半年的时间。自己之所以会挂念他们俩，也许不单单是因为一颗父母心，更是因为想念那钟已经消失了的喧闹。罗伦斯心想道。	赫萝	0.40	赫萝	柯尔		
3_37	狼与收获之秋	3	37	action	心理-推测	赫萝	“最近他们都不寄信回家了……他们没事吧？” ‖ “没有消息就是最好的消息，汝也听说过这句话呗？” ‖ “话是那么说……” ‖ ►柯尔为实现雄心壮志出门远游，缪莉追着自己的哥哥一同离开了纽希拉。如今两人的旅行似乎还在各地引发了不小的骚动。 ‖ 罗伦斯虽然也知道他们总能逢凶化吉，可他还是忍不住要担心。 ‖ 毕竟就算柯尔的个性认真又正直，事实依旧是自己视作掌上明珠的独生女儿，正在和一个年轻男子共同旅行。各种不好的想象始终在罗伦斯脑海里挥之不去，现在自己还主动引起了这个话题。	柯尔为实现雄心壮志出门远游，缪莉追着自己的哥哥一同离开了纽希拉。如今两人的旅行似乎还在各地引发了不小的骚动。	赫萝	0.40	赫萝	柯尔		
4_5	狼与收获之秋	4	5	dialogue	anaphoric	赫萝	但这并不是出于对两只狼的畏惧。这一点，罗伦斯能从他们发自内心的喜悦模样中看得明明白白。身材颀长的鹿氏是最后一个对罗伦斯打招呼的，他甚至用硕大的双手抓住罗伦斯的肩膀，这样说道。 ‖ “我一直都想着，总有一天要到这家温泉旅店里来！ 这个，为我们这样的存在而建立的温泉旅店！” ‖ 罗伦斯的视线瞬间游移了一下。赫萝也一样露出不解的神情，但其他客人却都面带笑容地点了头，似乎是对鹿氏的发言深表赞同。 ‖ ►“啊啊，今天我终于来了，愿望终于实现了。这里的每个人都是一样，听到消息后二话不说就背起了行囊。虽然因为不习惯这旅途，路上数次遭遇了艰难困苦，但是，我实在是不能想象还有什么时候，自己能比现在这一刻更高兴！” ‖ 最后他紧紧搂住了罗伦斯。 ‖ 罗伦斯一面暧昧地搭着腔，一面在心中回味鹿氏的话。	啊啊，今天我终于来了，愿望终于实现了。这里的每个人都是一样，听到消息后二话不说就背起了行囊。虽然因为不习惯这旅途，路上数次遭遇了艰难困苦，但是，我实在是不能想象还有什么时候，自己能比现在这一刻更高兴！	罗伦斯	0.55	罗伦斯			
4_12	狼与收获之秋	4	12	dialogue	anaphoric	赫萝	“您能这么说真是我的光荣，可是……您是从哪里得知这家店的？” ‖ 入住狼与香辛料并不需要熟客介绍之类，店里也确实有偶然发现这间店，而后前来投宿的客人。但大多数客人确实都是靠着口口相传的途径寻到这里的。 ‖ 回答罗伦斯的，是身材矮矮胖胖，一副酒馆老板模样的山羊氏。 ‖ ►“不用从谁口中听说，这家店在南方的精灵中非常有名。大家都说在大地遥远的北端，有一片可以逃离世间一切争端的温泉地。到那里去，能找到连我们这些人也能不用提防人类视线，自由放松的温泉旅店。那家旅店的名字就叫……” ‖ ‘狼与香辛料！’ ‖ 剩下的人就像事先约好般，一齐大声说道。	不用从谁口中听说，这家店在南方的精灵中非常有名。大家都说在大地遥远的北端，有一片可以逃离世间一切争端的温泉地。到那里去，能找到连我们这些人也能不用提防人类视线，自由放松的温泉旅店。那家旅店的名字就叫……	赫萝	0.55	赫萝			
5_4	狼与收获之秋	5	4	dialogue	unmarked	罗伦斯	无论是出生在乡村还是城镇，人们往往终其一生都不会离开自己生活的土地。即便是穿越于各国间的水手，他们也只是沿着一段又一段海岸旅行，往往对途经国家的详情知之甚少。 ‖ 如此看来，要花费一个月以上的时间，前往遥远北方深山中的温泉地，这样的旅行实在教人怀疑还有没有归程，因为那里真真正正是世界的尽头。 ‖ 大约是因为这个缘故，这群淡季来访的客人谈及自己生活的土地时，所说的每一件事都夸张离奇，其中还包括明显有误的叙述。 ‖ ►“教会都市留宾海根的故事，对我们羊的化身来说实在是堪称骄傲。据说罗伦斯先生与赫萝大人携手，和传说中的黄金羊一起，彻底颠覆了蛮横教会对黄金贸易的垄断。” ‖ 羊氏这样说道。 ‖ “我也听说过两位在雷诺斯大显身手的事迹。真是大快人心。听说两位对皮毛交易的状况燃起了义愤，而后便投入大笔资金进行整顿。”	教会都市留宾海根的故事，对我们羊的化身来说实在是堪称骄傲。据说罗伦斯先生与赫萝大人携手，和传说中的黄金羊一起，彻底颠覆了蛮横教会对黄金贸易的垄断。	罗伦斯	0.40	罗伦斯			
1_4	狼与旅行之卵	1	4	action	物理	赫萝	离开温泉乡纽希拉已经约有两周时间。这趟睽违十年的长旅经过有些颠簸的开头后，前旅行商人罗伦斯终于找回旅行的感觉。 ‖ 走完长长的山路，两人在一望无际的平原路上享受旅行中闲得发慌的时刻。 ‖ “呼啊～～～啊呼。” ‖ ►这么大的呵欠不是罗伦斯打的，是来自一早就优雅地猛晒太阳，大剌剌趴在马车货台毛毯堆上的妻子赫萝。 ‖ “汝啊，城镇还有……呼啊……多远……？” ‖ 冷风提醒现在是秋天，但平原这一块的日照仍有夏季的余韵。	这么大的呵欠不是罗伦斯打的，是来自一早就优雅地猛晒太阳，大剌剌趴在马车货台毛毯堆上的妻子赫萝。	罗伦斯	0.55	罗伦斯			
2_10	狼与旅行之卵	2	10	dialogue	anaphoric	赫萝	“说，这里的名产是什么？” ‖ “真是的……” ‖ 罗伦斯搓着脚丫回答： ‖ ►“那当然是鱼啦，新鲜的生鱼堆得跟山一样。尤其在这个天气开始变冷的季节，每种鱼都很肥美。不管是盐烤、油炸还是炖煮都很好吃。” ‖ “鱼啊？” ‖ 或许是认为狼不适合吃鱼，赫萝显得很不满。	那当然是鱼啦，新鲜的生鱼堆得跟山一样。尤其在这个天气开始变冷的季节，每种鱼都很肥美。不管是盐烤、油炸还是炖煮都很好吃。	罗伦斯	0.55	罗伦斯			
2_29	狼与旅行之卵	2	29	dialogue	anaphoric	赫萝	罗伦斯无视赫萝“扯什么东西啊？”的眼神继续说： ‖ “等快熟以后就多添点柴，烧热的油就会炸出哗啦哗啦很热闹的声音。” ‖ 赫萝完全沉浸在罗伦斯口中的情境里，猛吞口水。 ‖ ►“鲱鱼会就这么炸到又酥又脆，连骨头都能吃。然后捞出来，趁它还在劈哩啪啦爆的时候抓一大把岩盐洒上去……” ‖ 再加上洒盐的动作，赫萝就像看见食物的猫一样眼睛跟着跑。 ‖ “最后从头大口咬下去。”	鲱鱼会就这么炸到又酥又脆，连骨头都能吃。然后捞出来，趁它还在劈哩啪啦爆的时候抓一大把岩盐洒上去……	赫萝	0.55	赫萝			
2_37	狼与旅行之卵	2	37	dialogue	anaphoric	赫萝	“汝啊，那咱们就走呗！鲱鱼是呗？现在正是肥美的时节呗？” ‖ 罗伦斯被赫萝隔着衣服用力地捏，好不容易才扯掉。 ‖ 用便宜鲱鱼塞肚子的计划看来会很成功，而且是成功过头。 ‖ ►“我们先去德堡商行问问看路上状况怎么样，然后订船票。现在是换季的时候，船舱挤满了商人和物资，动作不快一点就要等到冬天了。” ‖ 现在罗伦斯和赫萝跟以前不同，有地方要回去。纽希拉的温泉旅馆是托别人代管，不能拖沓。 ‖ 因此，罗伦斯那么说并不是故意逗赫萝，但嘴还是中途闭上了。	我们先去德堡商行问问看路上状况怎么样，然后订船票。现在是换季的时候，船舱挤满了商人和物资，动作不快一点就要等到冬天了。	罗伦斯	0.55	罗伦斯			
3_20	狼与旅行之卵	3	20	action	心理-推测	赫萝	“那位缪里女士做了什么吗？” ‖ 罗伦斯和赫萝下山旅行，就是为了见他们的独生女缪里一面。 ‖ 长期在旅馆工作的青年寇尔为守护信仰而启程旅行，缪里也硬是跟了过去。 ‖ ►两人似乎引起了很大的社会动荡，而最近音信全无。赫萝口口声声说不必担心，可是罗伦斯就是在意得不得了，便决定亲眼看看他们是否安好。 ‖ “您说缪里女士吗？呃……抱歉，两位是最近才到这里来的吗？” ‖ “对啊。我们平常都是在深山里经营一间小小的旅舍……已经好久没进城了。”	两人似乎引起了很大的社会动荡，而最近音信全无。赫萝口口声声说不必担心，可是罗伦斯就是在意得不得了，便决定亲眼看看他们是否安好。	赫萝	0.40	赫萝	罗伦斯		
4_2	狼与旅行之卵	4	2	action	心理-推测	罗伦斯	德堡商行是势力遍布于这片大陆北部的大商行，各大城镇均设有分行。像阿蒂夫这样的大港都，会馆当然是相当气派。 ‖ 由于十多年前，罗伦斯和赫萝在关乎德堡商行的大风波中帮上了一点忙，从此深有交情。而且寇尔和缪里的信上还提到他们在阿蒂夫受过德堡商行照顾，顺便去道谢。 ‖ ►管理商行的馆主当然是将他当上宾来欢迎，只是样子有点夸张。说难听点，他僵硬的笑容底下似乎有些惧怕，尤其是提起寇尔和缪里的时候。 ‖ 他们的信只说旅途有起有落，基本上相当顺遂，说不定有些信上没写的内情……这么想之余，罗伦斯看馆主不敢放过自己任何小动作，表示最高敬意的紧张模样，也不忍心逼问。 ‖ 因此，罗伦斯就只是事务性地确定几件事，询问馆主能否在启航之前借住一宿。	管理商行的馆主当然是将他当上宾来欢迎，只是样子有点夸张。说难听点，他僵硬的笑容底下似乎有些惧怕，尤其是提起寇尔和缪里的时候。	罗伦斯	0.40	罗伦斯	缪里		
8_15	狼与旅行之卵	8	15	action	心理-推测	赫萝	房里弥漫刚出炉面包的味道，来源八成是赫萝。 ‖ 现在抱她，一定香得不得了。 ‖ “晚餐还要吃吗？” ‖ ►即使这么问，赫萝仍旧动也不动。罗伦斯不觉得她睡着了，将苹果酒的小酒桶摆到桌上，发现有个袋子。解绳一看，里面都是面包，大概是老板送的吧。每个看起来都很好吃，且没有动过的痕迹。吃性坚强的赫萝不太可能有要等心爱丈夫回来再吃的伟大情操。 ‖ 于是罗伦斯苦笑着说： ‖ “其实只有一开始会觉得香吧？”	即使这么问，赫萝仍旧动也不动。罗伦斯不觉得她睡着了，将苹果酒的小酒桶摆到桌上，发现有个袋子。解绳一看，里面都是面包，大概是老板送的吧。每个看起来都很好吃，且没有动过的痕迹。吃性坚强的赫萝不太可能有要等心爱丈夫回来再吃的伟大情操。	赫萝	0.40	赫萝	罗伦斯		
1_0	狼与昔日猎犬的叹息	1	0	action	物理	艾尔莎	►曾经只有村庄零散分布于各处的这片平原上，某日突然有神差遣来的圣人建起了茅庵。 人民们渴求神恩，纷纷造访此处，终于人和人之间有了交流的纽带，商人也被吸引至此。曾经空旷无物的平原上，有了以这茅庵为中心的集市，集市而后又发展为市镇。 ‖ 这就是撒罗尼亚建城神话的大略。不过据一位熟识的商人讲，故事的真相，大约只是某个可疑人物凭着三寸之舌在此安居，该地又凭着时局机遇不断发展，最终才有了一副市镇的模样而已。女司铎艾尔莎用蜂蜜色的眼睛打量着撒罗尼亚热闹的街景，心想道“诚然如此”。 ‖ 艾尔莎原本住在与撒罗尼亚相距遥远的山村中，如今她却将家人抛在身后，辗转奔波于各地的教会。眼下各个地区的教会都被时代的浪潮翻弄，在其中挣扎求生，因此亟需艾尔莎这样务实而有能力的人物。为了服务教会，艾尔莎可谓不辞辛苦，有求必应，以至于来到如此遥远的他乡。这足可以证明她实属信仰笃厚之人了。	曾经只有村庄零散分布于各处的这片平原上，某日突然有神差遣来的圣人建起了茅庵。 人民们渴求神恩，纷纷造访此处，终于人和人之间有了交流的纽带，商人也被吸引至此。曾经空旷无物的平原上，有了以这茅庵为中心的集市，集市而后又发展为市镇。	艾尔莎	0.30	艾尔莎			
1_50	狼与昔日猎犬的叹息	1	50	action	心理-推测	艾尔莎	虽说是临时，但艾尔莎也是女司铎之身。 ‖ “若是取笑他人的烦恼，那就不配自称神的仆人了。” ‖ 即便如此，赫萝还是一瞬移开了视线。她一口气喝干自己剩下的葡萄酒，接着像是不愿输给艾尔莎似地又向店主要了一杯。 ‖ ►往昔想必曾有许多村民跪在她的面前领受神谕或箴言云云，可如今赫萝一手拿着葡萄酒杯，蜷缩着脊背讲话的模样，却像极了那些随着年纪增长，活得越来越像小孩子的村中长老们。 ‖ “那大笨驴一点也不懂咱。” ‖ 就连这句口头禅也是一样的。艾尔莎带着某种关心，催赫萝继续往下讲。	往昔想必曾有许多村民跪在她的面前领受神谕或箴言云云，可如今赫萝一手拿着葡萄酒杯，蜷缩着脊背讲话的模样，却像极了那些随着年纪增长，活得越来越像小孩子的村中长老们。	艾尔莎	0.40	艾尔莎	赫萝		
1_69	狼与昔日猎犬的叹息	1	69	dialogue	anaphoric	艾尔莎	所以才要特地外出来吃午饭——说到这里，艾尔莎突然听到毛织物被扇动的声音。 ‖ “嗬，嗬” ‖ 刚才表情还无精打采的赫萝，一看到别人的愁苦模样，自己立刻来了精神。此刻她毛茸茸的大尾巴正在衣服底下开心地扫来扫去。实在是让人不知该说什么好的性格，不过，艾尔莎并不讨厌赫萝的这种毫不遮掩。 ‖ ►“人们在城镇集会所讨论的，是关于输入城内的诸多商品的关税。或者说是正在决定这杯葡萄酒会以低价还是高价被人们购买饮用，这样讲也许更好理解一些。” ‖ 赫萝看了看手中的大酒杯，然后喝了一口杯中的酒，就像是把艾尔莎所说的话也一并咽下了肚里。 ‖ “所以，有希望葡萄酒能被廉价输入城中的葡萄酒商人，但也有他们的竞争对手，希望对葡萄酒施加高额关税的麦酒商人。”	人们在城镇集会所讨论的，是关于输入城内的诸多商品的关税。或者说是正在决定这杯葡萄酒会以低价还是高价被人们购买饮用，这样讲也许更好理解一些。	赫萝	0.55	赫萝			
1_71	狼与昔日猎犬的叹息	1	71	dialogue	anaphoric	艾尔莎	刚才表情还无精打采的赫萝，一看到别人的愁苦模样，自己立刻来了精神。此刻她毛茸茸的大尾巴正在衣服底下开心地扫来扫去。实在是让人不知该说什么好的性格，不过，艾尔莎并不讨厌赫萝的这种毫不遮掩。 ‖ “人们在城镇集会所讨论的，是关于输入城内的诸多商品的关税。或者说是正在决定这杯葡萄酒会以低价还是高价被人们购买饮用，这样讲也许更好理解一些。” ‖ 赫萝看了看手中的大酒杯，然后喝了一口杯中的酒，就像是把艾尔莎所说的话也一并咽下了肚里。 ‖ ►“所以，有希望葡萄酒能被廉价输入城中的葡萄酒商人，但也有他们的竞争对手，希望对葡萄酒施加高额关税的麦酒商人。” ‖ “唔。” ‖ “调整其中利害关系的人物，在每个城镇都是不同的，而在这里大体上是由教会来承担这个角色。”	所以，有希望葡萄酒能被廉价输入城中的葡萄酒商人，但也有他们的竞争对手，希望对葡萄酒施加高额关税的麦酒商人。	赫萝	0.55	赫萝			
1_75	狼与昔日猎犬的叹息	1	75	dialogue	unmarked	艾尔莎	“唔。” ‖ “调整其中利害关系的人物，在每个城镇都是不同的，而在这里大体上是由教会来承担这个角色。” ‖ 这大约是因为建城史的开端就源于一位圣人，但更多的原因，恐怕还是在于教会也深深获益于城镇的关税，在这个问题中有深厚的利益关系。 ‖ ►“说起来，此地的教会之主的确是个不守戒律的家伙呐。在酒桌上倒是傻得可爱，可汝好像不喜欢他。” ‖ “我想他不是坏人，只是，一时兴起率性而为的时候实在是有些多了……” ‖ 原本请艾尔莎来帮忙的教会不在这里，而是在一片名叫瓦兰主教领的土地上。艾尔莎在那里与罗伦斯夫妇再会，并且借他们的协助，顺利地将教会圣堂的财产卖出高价。听闻此事的撒罗尼亚主教便因此有了借口，堂而皇之地将这里的麻烦事也推到了她的身上。艾尔莎也并非是为工作本身感到辛劳，她只是在心中莫名地感到无法释然。更何况所有这一切问题都是教会——本该以清贫和节制为宗旨的教会——攫取大量财富之后惹出来的。	说起来，此地的教会之主的确是个不守戒律的家伙呐。在酒桌上倒是傻得可爱，可汝好像不喜欢他。	赫萝	0.40	赫萝			
1_100	狼与昔日猎犬的叹息	1	100	action	心理-推测	艾尔莎	“你说煽风点火，是指——” ‖ 赫萝挺直了蜷缩的脊背，又朝着别的方向望了望，然后才耸耸肩膀和脑袋，叹息连连地开了口。 ‖ “咱是因为有汝相助，才能和他在一起的。” ‖ ►比起这句没头没脑的话，赫萝居然似乎是在感谢自己，这个事实反而更让艾尔莎震惊。她不由得睁大了眼睛。 ‖ “汝那是什么表情……。都是多亏了汝推的那一把，咱和他才能走在一起。这道理咱至少是明白的。” ‖ 看来，先前她与艾尔莎同乘马车时一直显得尴尬，原因之一似乎是觉得还对艾尔莎欠着人情。	比起这句没头没脑的话，赫萝居然似乎是在感谢自己，这个事实反而更让艾尔莎震惊。她不由得睁大了眼睛。	艾尔莎	0.40	艾尔莎	赫萝		
1_4	狼与星空下的远吠	1	4	action	物理	赫萝	不过，这里溪水潺，还有岩石和森林，因此就算称之为山也不为过。 ‖ 步行的话需要半天光景，而骑马就只需片刻。 ‖ 若是拥有引以为傲的四肢，那便能在眨眼间穿过这片山林。 ‖ ►那么，本该已经到达下一旅站的人们，却为何现在还在半路呢？这恐怕是拜车上那重得要死的行李所赐吧 ‖ 森林逐渐被抛在身后，远处草原上西沉的太阳将四周染成了红色。就连平常看起来有些温吞的旅伴的侧脸，也在冬日夕阳的映照下显得有些忧郁。 ‖ 到能够到达的地方去――虽然他曾经这么说，但她已经看腻了旅伴疲惫地握着缰绳的侧影，于是伸手掩着嘴角打了个呵欠。	那么，本该已经到达下一旅站的人们，却为何现在还在半路呢？这恐怕是拜车上那重得要死的行李所赐吧	赫萝	0.30	赫萝			
1_12	狼与星空下的远吠	1	12	action	心理-自指	赫萝	“你就只知道吃东西吗？” ‖ 虽说旅伴似乎已经累到懒得发脾气了，但是赫萝也的确太不知节制了。目前的旅行正像旅伴曾说过的：“只要在路上持续两天旅程，就跟死了没两样。” ‖ 赫萝像在暗示什么似的轻轻摇了摇脑袋，然后取出一块肉干放进嘴里。 ‖ ►一般来说，男人的话就会到此为止了。不过今天，他似乎还想把话题继续下去。也许是因为疲劳让人急躁了吧。 ‖ “第十二个。” ‖ 他居然数了自己吃的肉干数！这种充满了嫌弃的语气让赫萝也无法沉默了。	一般来说，男人的话就会到此为止了。不过今天，他似乎还想把话题继续下去。也许是因为疲劳让人急躁了吧。	赫萝	0.30	赫萝			
1_26	狼与星空下的远吠	1	26	dialogue	unmarked	赫萝	是因为他还在意自己所说的话吧。赫萝不禁露出了微笑。 ‖ 想戏弄旅伴的心情，就像是忍不住戏弄城镇里某条看起来呆呆的野良犬一样。 ‖ “汝的意思是咱还比不上牛马吗？” ‖ ►“只会躺在车里睡觉，偶然起身寻找食物，每天就知道整理自己的毛皮，什么时候让你看看马儿是怎么工作的，如何？” ‖ 骄傲的马的确会毫无怨言地拉着货车。 ‖ 旅伴一边说着，一边轻轻挥了挥手里的缰绳，黑色的马尾疑惑地摇了两三下。恐怕男人口中的不满已经让他很多夜晚辗转难眠了吧。	只会躺在车里睡觉，偶然起身寻找食物，每天就知道整理自己的毛皮，什么时候让你看看马儿是怎么工作的，如何？	赫萝	0.40	赫萝			
1_28	狼与星空下的远吠	1	28	action	心理-自指	赫萝	“汝的意思是咱还比不上牛马吗？” ‖ “只会躺在车里睡觉，偶然起身寻找食物，每天就知道整理自己的毛皮，什么时候让你看看马儿是怎么工作的，如何？” ‖ 骄傲的马的确会毫无怨言地拉着货车。 ‖ ►旅伴一边说着，一边轻轻挥了挥手里的缰绳，黑色的马尾疑惑地摇了两三下。恐怕男人口中的不满已经让他很多夜晚辗转难眠了吧。 ‖ “咱很认真地告诉汝。” ‖ “诶？”	旅伴一边说着，一边轻轻挥了挥手里的缰绳，黑色的马尾疑惑地摇了两三下。恐怕男人口中的不满已经让他很多夜晚辗转难眠了吧。	赫萝	0.30	赫萝			
2_23	狼与星空下的远吠	2	23	dialogue	unmarked	赫萝	“嗯？啊。虽然毛或羽毛有点碍事，不过嘛，还是整个囫囵吞下去比较好。” ‖ “住在麦田里的狼也会吃肉，多么不可思议啊。” ‖ 旅伴无邪地笑着，将葡萄酒递到嘴边。 ‖ ►“牛马只有吃草才能存活，然后当它们死去的时候，身体又回归大地让植物更加茂盛。咱才对汝们拼命追求的东西觉得不可思议呢！那些东西既不能让草木发芽，也不能让花儿开放。” ‖ “但是会给我们的生命带来光明不是吗？如果天空中没有太阳的光辉，作物也不能结果。” ‖ 拨弄了一下火堆上的树枝，一些火星飞扬了起来。	牛马只有吃草才能存活，然后当它们死去的时候，身体又回归大地让植物更加茂盛。咱才对汝们拼命追求的东西觉得不可思议呢！那些东西既不能让草木发芽，也不能让花儿开放。	赫萝	0.40	赫萝			
2_38	狼与星空下的远吠	2	38	dialogue	anaphoric	赫萝	人类世界的物价有时还真是奇妙，难以相信那么小的鸟居然会那么贵。 ‖ 不过，旅伴虽然会在其他事情上撒谎，。但在与金钱相关的事情上却不会。 ‖ 而且赫萝引以为傲的耳朵也感觉得到，对方没有撒谎。 ‖ ►“如果说在面包里夹东西是穷人食物标志的话，那鹌鹑就是高级食物的代表。你想吃的话就自己去抓好了。我可以帮你做。” ‖ 旅伴在面包里夹了片洋葱，又送到嘴里。 ‖ 这表明鹌鹑是赫萝再怎么死乞白赖要求也不会买给她的东西。男人似乎很乐于嘲笑赫萝气鼓鼓的样子。	如果说在面包里夹东西是穷人食物标志的话，那鹌鹑就是高级食物的代表。你想吃的话就自己去抓好了。我可以帮你做。	赫萝	0.55	赫萝			
1_3	狼与春天落下的东西	1	3	action	物理	赫萝	积雪从山间消去，树木发出新芽，世界换上了鲜亮的色彩。 ‖ 如同冰冷石块般的冬日空气，变成了柔和的泥土气息。 ‖ 从冬天变成春天，从春天变成初夏，季节的转换每年都会发生，但每年都会带来新鲜的喜悦。 ‖ ►话虽如此，在这世上生活着，自然就有着大量相应的工作要做。有令人开心的事情，也有令人不开心的事情。 ‖ 其中最麻烦的一件工作，今年也终于来到了罗伦斯眼前。 ‖ “嗯唔……唔……哈啾！”	话虽如此，在这世上生活着，自然就有着大量相应的工作要做。有令人开心的事情，也有令人不开心的事情。	赫萝	0.30	赫萝			
1_14	狼与春天落下的东西	1	14	action	心理-推测	赫萝	所以他们没什么应受良心苛责的，不过即便如此，赫萝仍有一件不能被外人所知的秘密。抱着这样的秘密，显然不能在被揭开了毛毯后，仍然蜷缩着身子沉浸在梦乡里。 ‖ ——是她头上的三角形兽耳，以及腰间毛茸茸的大尾巴。赫萝自己曾被称作丰收之神，并受到人的崇拜，而她的真身则是一只巨大的狼。 ‖ “又到了这个时期啊……” ‖ ►不知是做了什么梦，赫萝毫无防备，傻乎乎的睡脸看上去像是在笑。罗伦斯低头望着她，结果，自称贤狼的大尾巴又慢慢扫了扫，立刻让罗伦斯打了第二个喷嚏。 ‖ 毯子下全是茶色的毛。当然，与赫萝尾巴的颜色是一样的。 ‖ 今年的换毛季节，终于又来了。	不知是做了什么梦，赫萝毫无防备，傻乎乎的睡脸看上去像是在笑。罗伦斯低头望着她，结果，自称贤狼的大尾巴又慢慢扫了扫，立刻让罗伦斯打了第二个喷嚏。	赫萝	0.40	赫萝	罗伦斯		
3_0	狼与春天落下的东西	3	0	dialogue	unmarked	罗伦斯	►“我是很感谢您，不过换个金属做的怎么样？ 镀金的高价货色可以一直不生锈，而且还不会弄伤头发，有那么一把就可以用很长时间了。” ‖ 木匠说出了一番像是要自损买卖的话。大概是连续做了数十把梳子，他自己都厌烦了。这位木匠手艺高超，却是个没加入任何公会的浮浪人，或许本来就不怎么喜欢这种翻来覆去重复的工作。 ‖ “可是，她又始终坚持，说怎么也不愿意用金属做的。”	我是很感谢您，不过换个金属做的怎么样？ 镀金的高价货色可以一直不生锈，而且还不会弄伤头发，有那么一把就可以用很长时间了。	罗伦斯	0.40	罗伦斯			
3_3	狼与春天落下的东西	3	3	dialogue	unmarked	罗伦斯	“我是很感谢您，不过换个金属做的怎么样？ 镀金的高价货色可以一直不生锈，而且还不会弄伤头发，有那么一把就可以用很长时间了。” ‖ 木匠说出了一番像是要自损买卖的话。大概是连续做了数十把梳子，他自己都厌烦了。这位木匠手艺高超，却是个没加入任何公会的浮浪人，或许本来就不怎么喜欢这种翻来覆去重复的工作。 ‖ “可是，她又始终坚持，说怎么也不愿意用金属做的。” ‖ ►“哈哈哈，您太太也有像女孩儿的一面哪。大概是怕伤了头发该怎么办。不过，这总比说只要金属做的梳子要好。” ‖ 木匠笑着灌了口麦酒，末了又长吐出一口气。 ‖ “说起来，我还能再为您做上几年梳子，可是之后就有点……”	哈哈哈，您太太也有像女孩儿的一面哪。大概是怕伤了头发该怎么办。不过，这总比说只要金属做的梳子要好。	罗伦斯	0.40	罗伦斯			
4_9	狼与春天落下的东西	4	9	action	心理-推测	赫萝	她拿起新梳子凑近鼻子，闻了起来。 ‖ 罗伦斯也学着赫萝的模样拿起一把闻了闻，的确有刚削好的木头那种清爽的气味。 ‖ “咱的尾巴，果然还是比较适合这种森林的香味。” ‖ ►赫萝带着一脸满足的模样说，不过这其中大概有几分是预先摆明态度。尽管罗伦斯挂念着浪费在梳子上的钱，可想说服她改用金属的梳子，看来是没那么容易了。 ‖ “怎么样都好，总之别把毛散得到处都是就行了。” ‖ “大笨驴。”	赫萝带着一脸满足的模样说，不过这其中大概有几分是预先摆明态度。尽管罗伦斯挂念着浪费在梳子上的钱，可想说服她改用金属的梳子，看来是没那么容易了。	赫萝	0.40	赫萝	罗伦斯		
5_31	狼与春天落下的东西	5	31	dialogue	anaphoric	赫萝	正因为如此，必须要从现在开始工作，做好准备才行。 ‖ “而且你要真有那么闲的话，考虑一下该怎么把这个派上用场如何。” ‖ 罗伦斯指着那个装着毛的小袋子，可刚说完，赫萝就露出了嫌麻烦的眼神。 ‖ ►“每年都能攒下这么多，而且还要花不少功夫。放着还可惜。以前有个贵族女孩来店里时，拿着用爱犬的毛做成的人偶，你还记得吧。” ‖ 那个人偶的做工精致极了，以至于连舞娘们都对它展现出了相当的关心。罗伦斯曾冒出过凭借生产这种东西赚钱的想法，直到了解了制作过程的费工后，才断了这个念头。 ‖ “何况你尾巴上的毛，用来驱熊大概是相当灵验的。”	每年都能攒下这么多，而且还要花不少功夫。放着还可惜。以前有个贵族女孩来店里时，拿着用爱犬的毛做成的人偶，你还记得吧。	罗伦斯	0.55	罗伦斯			
1_2	狼与森林色彩	1	2	action	物理	赫萝	货马车沿着河边的路慢慢地走。 ‖ 树林逐渐稀疏，道路坡度也降低了。有种离开人称世界尽头的温泉乡纽希拉几天以后，终于见到下界的感觉。但他们有时还是会被逼至河畔的山坡吞噬，需要穿过深深的森林。 ‖ ►时值秋季，脚下是淹到足踝的落叶长河。踩踏落叶的沙沙声颇为悦耳，腐植土的香气也令人心旷神怡。要说哪里有问题，就只有落叶往往会掩盖正确的道路，汇聚成不是路的叶河。 ‖ 在不熟悉的森林，很容易就会误闯这种假路。其实他们已经上过一次当，迷失在森林深处，发觉时人已经在地图上不会画的位置。脱险以后回想起来，实在令人发毛。 ‖ 在驾座上抓着缰绳的罗伦斯以前只是旅行商人，不是在山里来去自如的樵夫。	时值秋季，脚下是淹到足踝的落叶长河。踩踏落叶的沙沙声颇为悦耳，腐植土的香气也令人心旷神怡。要说哪里有问题，就只有落叶往往会掩盖正确的道路，汇聚成不是路的叶河。	赫萝	0.30	赫萝			
2_20	狼与森林色彩	2	20	dialogue	anaphoric	赫萝	“真是的……那就稍微绕点远路，到别的城镇去吧。” ‖ “喔？” ‖ 罗伦斯摊开地图提议，勾起赫萝的兴趣。 ‖ ►“记得叉路另一边没多久有间旅舍……啊，真的有。来纽希拉的客人会在那里歇脚，说不定会有储备的纸墨。” ‖ 温泉乡纽希拉的贵客除王公贵族外，还包含大教堂的大祭司或拥有广大领土的大修道院院长一类。他们做的都是文书工作，旅舍为他们准备纸笔是很顺当的事。 ‖ “就往那边走呗。如果有热呼呼的肉汤能喝就太棒了。”	记得叉路另一边没多久有间旅舍……啊，真的有。来纽希拉的客人会在那里歇脚，说不定会有储备的纸墨。	罗伦斯	0.55	罗伦斯			
3_34	狼与森林色彩	3	34	dialogue	unmarked	罗伦斯	“不得了了，该不会是要在这附近盖温泉旅馆吧。” ‖ 旅舍老板逗得众人哈哈大笑后和罗伦斯握握手，请他们入座。 ‖ 席中有个不动如山，衣着高贵的人。 ‖ ►“啊，罗伦斯先生我跟你介绍，这位是治理邻近领土的比贝利大人。比贝利大人，这位是纽希拉知名温泉旅馆的老板罗伦斯先生。” ‖ “喔？那间温泉旅馆吗，我有听过。据说是笑声不绝于耳的旅馆嘛。” ‖ 贵为领主，身边却没带侍卫，还和气地向罗伦斯伸手。罗伦斯立刻回握，郑重自我介绍并介绍赫萝，在领主的促请下就座。这位名叫比贝利的领主似乎不是那么计较身份的人。	啊，罗伦斯先生我跟你介绍，这位是治理邻近领土的比贝利大人。比贝利大人，这位是纽希拉知名温泉旅馆的老板罗伦斯先生。	罗伦斯	0.40	罗伦斯			
3_36	狼与森林色彩	3	36	action	心理-推测	罗伦斯	席中有个不动如山，衣着高贵的人。 ‖ “啊，罗伦斯先生我跟你介绍，这位是治理邻近领土的比贝利大人。比贝利大人，这位是纽希拉知名温泉旅馆的老板罗伦斯先生。” ‖ “喔？那间温泉旅馆吗，我有听过。据说是笑声不绝于耳的旅馆嘛。” ‖ ►贵为领主，身边却没带侍卫，还和气地向罗伦斯伸手。罗伦斯立刻回握，郑重自我介绍并介绍赫萝，在领主的促请下就座。这位名叫比贝利的领主似乎不是那么计较身份的人。 ‖ “话说罗伦斯先生，现在山上不是正忙着准备过冬吗？还是说，你是在下山补货的路上？” ‖ 这是当然会问的问题，寇尔和缪里的事也不是秘密。据实说明他们是顺休假之便去找寇尔和缪里后，院长重重地点了头。	贵为领主，身边却没带侍卫，还和气地向罗伦斯伸手。罗伦斯立刻回握，郑重自我介绍并介绍赫萝，在领主的促请下就座。这位名叫比贝利的领主似乎不是那么计较身份的人。	罗伦斯	0.40	罗伦斯	赫萝		
3_39	狼与森林色彩	3	39	dialogue	anaphoric	罗伦斯	贵为领主，身边却没带侍卫，还和气地向罗伦斯伸手。罗伦斯立刻回握，郑重自我介绍并介绍赫萝，在领主的促请下就座。这位名叫比贝利的领主似乎不是那么计较身份的人。 ‖ “话说罗伦斯先生，现在山上不是正忙着准备过冬吗？还是说，你是在下山补货的路上？” ‖ 这是当然会问的问题，寇尔和缪里的事也不是秘密。据实说明他们是顺休假之便去找寇尔和缪里后，院长重重地点了头。 ‖ ►“原来如此。哎呀，我们对寇尔先生的事迹也时有耳闻呢。在我们听来像战争英雄一样，可是对你们来说，的确是会愈听愈担心吧。” ‖ 寇尔为了端正充满弊端的教会而离开纽希拉，他们的独生女缪里也偷跟过去，两个人似乎做了不少大事。 ‖ “院长大人是准备到纽希拉去吗？”	原来如此。哎呀，我们对寇尔先生的事迹也时有耳闻呢。在我们听来像战争英雄一样，可是对你们来说，的确是会愈听愈担心吧。	缪里	0.55	缪里			
3_40	狼与森林色彩	3	40	action	心理-推测	罗伦斯	“话说罗伦斯先生，现在山上不是正忙着准备过冬吗？还是说，你是在下山补货的路上？” ‖ 这是当然会问的问题，寇尔和缪里的事也不是秘密。据实说明他们是顺休假之便去找寇尔和缪里后，院长重重地点了头。 ‖ “原来如此。哎呀，我们对寇尔先生的事迹也时有耳闻呢。在我们听来像战争英雄一样，可是对你们来说，的确是会愈听愈担心吧。” ‖ ►寇尔为了端正充满弊端的教会而离开纽希拉，他们的独生女缪里也偷跟过去，两个人似乎做了不少大事。 ‖ “院长大人是准备到纽希拉去吗？” ‖ “对。寇尔先生带来的影响，让我们上半年忙得是头昏眼花，现在终于告一段落，所以想早一点上来放松筋骨。”	寇尔为了端正充满弊端的教会而离开纽希拉，他们的独生女缪里也偷跟过去，两个人似乎做了不少大事。	罗伦斯	0.40	罗伦斯	缪里		
1_1	狼与橡实面包	1	1	action	物理	赫萝	罗伦斯外出归来，一开旅舍房门就见到一名少女站在房中央。 ‖ ►她有一头丝绢般滑顺的亚麻色头发，和仿佛与粗工无缘的纤细体态，像是贵族人家的千金。面貌年轻，怎么看都只有十五、六岁，却叉腿站立抱胸挺腰，一副准备兴师问罪的样子，有种特殊的魄力。 ‖ 而且她脸色很臭，眉头皱得能夹死蚊子。旁人看了，会以为是强悍少妇终于忍受不了丈夫的贪玩，准备要来臭骂一顿吧。 ‖ 可是，站在房中央的少女看的却不是背手关门的罗伦斯。	她有一头丝绢般滑顺的亚麻色头发，和仿佛与粗工无缘的纤细体态，像是贵族人家的千金。面貌年轻，怎么看都只有十五、六岁，却叉腿站立抱胸挺腰，一副准备兴师问罪的样子，有种特殊的魄力。	赫萝	0.30	赫萝			
1_26	狼与橡实面包	1	26	dialogue	anaphoric	赫萝	“我是看不出来哪里丢人啦，明明画得很好啊？” ‖ 而且还美化过了吧──这种话说出来会被狼牙狼爪大卸八块，罗伦斯当然只敢放在心里。 ‖ 不知道他在想什么的赫萝用鼻子大声叹气。 ‖ ►“那的确是把咱楚楚动人的样子画出来了啦，但这幅画可是要流传好几百年给好多好多人看，里面也会有认识咱的人呗。如果真的把咱柔弱的样子画下来怎么办？贤狼的威严不就要大减了吗！” ‖ 赫萝手扠腰发脾气的模样，看起来比划里还要幼小。 ‖ 即使都活了几百年，她还是会有孩子气的时候。	那的确是把咱楚楚动人的样子画出来了啦，但这幅画可是要流传好几百年给好多好多人看，里面也会有认识咱的人呗。如果真的把咱柔弱的样子画下来怎么办？贤狼的威严不就要大减了吗！	赫萝	0.55	赫萝			
1_31	狼与橡实面包	1	31	dialogue	anaphoric	赫萝	即使都活了几百年，她还是会有孩子气的时候。 ‖ 刚认识赫萝那阵子，罗伦斯还以为变成人的她是配合外表耍孩子气。可是在纽希拉经营了十几年温泉旅馆，伺候过许多位高权重的年迈人士后，他确定年纪大的人都很孩子气。 ‖ 更别说是活了几百年的狼。 ‖ ►“不过这幅画的题材什么的全都已经定好了，你也看到人家施工是什么样了吧？我一个小小的温泉旅馆老板根本没有插嘴的余地，吓死人了。” ‖ 订制这幅画的，是一群从世界各地来到港都阿蒂夫从事鲱鱼卵买卖的富商。鲱鱼卵是种投机性高的商品，等于是可以当着教会的面赌博，这点吸引了不少富商远道而来。然而近来刮起教会改革的风潮，终于被有意匡正纲纪的年轻主教盯上，在今年赌盘刚开而气氛正要加温时强行喊停，最后罗伦斯运用他的机智和赫萝的协助，笼络了脑袋顽固的主教。 ‖ 这一幅画，就是为笼络主教而订。然而这件事关乎富商们可以一本万利的游乐场能否存续，当然不会是挂一幅小小的裱框画那么简单，要在交易所一整面墙上铺满石灰来施作，找来的画家与其学徒共有几十人之多。	不过这幅画的题材什么的全都已经定好了，你也看到人家施工是什么样了吧？我一个小小的温泉旅馆老板根本没有插嘴的余地，吓死人了。	罗伦斯	0.55	罗伦斯			
1_37	狼与橡实面包	1	37	dialogue	anaphoric	赫萝	现在光是为了布置画图的场地，交易所里就架满了鹰架。许多从邻近地区召集来的石匠与木匠，在建筑公会的监督下辛勤挥汗。 ‖ 规模如此浩大，这间交易所肯定会在这幅画完工之后一夕成为远近驰名的热门景点。 ‖ 要一个温泉旅馆老板在如此下了重本的大事业中，插嘴说自己老婆不想被画得太可爱这种事，罗伦斯根本没法想像。 ‖ ►“为了赚大钱，黑的都要说成白不就是汝的信条吗！咱不是汝最重要的伴侣吗！还有什么比让咱高兴更赚的！” ‖ 赫萝指着鼻尖咄咄逼人的样子，只换来罗伦斯耸耸肩膀。 ‖ “因为有人动不动就训话，要我改掉爱赚大钱的坏习惯啊。”	为了赚大钱，黑的都要说成白不就是汝的信条吗！咱不是汝最重要的伴侣吗！还有什么比让咱高兴更赚的！	赫萝	0.55	赫萝			
2_24	狼与橡实面包	2	24	action	心理-推测	赫萝	“喔，你说买吃的啊。” ‖ “嗯。原本还在人墙外面不晓得怎么办，结果突然有个壮得像熊的大个子把咱扛到肩膀上，把客人都赶跑了。咱就直接坐在他肩上点菜，拿了菜再分他一串羊肉，他就乐得跟什么一样。” ‖ 赫萝眯起眼，说得更开心了。 ‖ ►当时她多半是装成一个出来跑腿却不知所措的小修女，对这种事她已经驾轻就熟了。要是罗伦斯露出半点作妻子的就该守身如玉，怎么能坐别的男人肩膀这种想法，赫萝摆明会一甩尾巴咬上来。 ‖ 于是罗伦斯若无其事地一一闪过藏在字里行间的陷阱，稍微尝试反击。 ‖ “嘴上抱怨自己画里太柔弱，实际上倒是利用得很开心嘛。”	当时她多半是装成一个出来跑腿却不知所措的小修女，对这种事她已经驾轻就熟了。要是罗伦斯露出半点作妻子的就该守身如玉，怎么能坐别的男人肩膀这种想法，赫萝摆明会一甩尾巴咬上来。	赫萝	0.40	赫萝	罗伦斯		
2_32	狼与橡实面包	2	32	action	心理-推测	赫萝	“……劳您费心了。” ‖ 罗伦斯叹着气拿酒桶，却先被赫萝抢去。 ‖ “嗯咕、嗯咕……噗哈！所以呐？汝这几天白天都把咱丢在房里，是干什么去啦？” ‖ ►也许是大海就在眼前，每样小吃都洒足了盐，很是下酒。罗伦斯还替赫萝弄点小麦面包，以免喝坏肚子，并说： ‖ “换零钱啊。” ‖ “喔？”	也许是大海就在眼前，每样小吃都洒足了盐，很是下酒。罗伦斯还替赫萝弄点小麦面包，以免喝坏肚子，并说：	赫萝	0.40	赫萝	罗伦斯		
1_2	狼与泉烟彼方	1	2	action	心理-自指	罗伦斯	瑟莉姆遭柴刀劈断睡眠般醒来。 ‖ 被子底下的悸动，恐怕是恶梦的余韵。这几天都是这样。 ‖ ►她望着天花板慢慢吸气，闭上眼睛告诉自己这里是可以放心的地方。她睡在可以遮风避雨的房间里，床上铺了亚麻布，没有虫到处乱爬。被子柔软又保暖，还似乎洒了点芳香精油，有淡淡的甜味。在过去旅程中，完全不敢妄想这样的优渥环境。 ‖ 瑟莉姆从南方地区一路流浪过来，经过一段因缘际会，如今落脚在温泉乡纽希拉。能在纽希拉颇负盛名的温泉旅馆“狼与辛香料亭”工作已经更甚于幸运，近乎奇迹了。 ‖ 因此，刚开始工作那阵子她经常作恶梦。大多是在旅途中躲进某村落的仓库喘口气想睡一觉，结果遇上火灾的梦。	她望着天花板慢慢吸气，闭上眼睛告诉自己这里是可以放心的地方。她睡在可以遮风避雨的房间里，床上铺了亚麻布，没有虫到处乱爬。被子柔软又保暖，还似乎洒了点芳香精油，有淡淡的甜味。在过去旅程中，完全不敢妄想这样的优渥环境。	罗伦斯	0.30	罗伦斯			
1_6	狼与泉烟彼方	1	6	action	物理	罗伦斯	瑟莉姆从南方地区一路流浪过来，经过一段因缘际会，如今落脚在温泉乡纽希拉。能在纽希拉颇负盛名的温泉旅馆“狼与辛香料亭”工作已经更甚于幸运，近乎奇迹了。 ‖ 因此，刚开始工作那阵子她经常作恶梦。大多是在旅途中躲进某村落的仓库喘口气想睡一觉，结果遇上火灾的梦。 ‖ 应是不敢相信幸运真的降临，怕它迟早要结束吧。 ‖ ►结果这个问题，等到纽希拉这个北地极境也终于告别迟迟不结束的寒冬，步入新绿时节才开始好转。 ‖ 工作繁忙不是件快乐的事，但也没有糟到哪去。瑟莉姆曾在都市商行、乡下农村或贵族的庄园宅邸做过事，而温泉旅馆这种地方，就像那些全部加起来一样。 ‖ 有好多人、好多货物来来去去这点像商行；要自力购买肉、鱼、野菜并烹调加工，为下一个季节而储藏，房子基本上也要自立修缮这几点像农村；温泉旅馆为了让客人住得舒服，需要格调有一定水准的家具设备这方面，就很像贵族宅邸了。要做的事又多又杂，好比数沙漠有几颗沙般没完没了。	结果这个问题，等到纽希拉这个北地极境也终于告别迟迟不结束的寒冬，步入新绿时节才开始好转。	罗伦斯	0.30	罗伦斯			
2_12	狼与泉烟彼方	2	12	dialogue	unmarked	赫萝	“喔，辛苦啦。” ‖ 然后汉娜掀开盖住篮子的布巾，满意地点点头。这次面包似乎也烤得恰到好处，让瑟莉姆松了口气。她嗅觉优于常人，不用看也能知道窑里的状况。如果焦了，只会是取出面包的动作不够俐落，拖了时间的缘故。 ‖ “狼就是厉害。不会烤过头，色又上得刚好。可以直接到面包店工作了呢。” ‖ ►“那也要面包店有专门顾窑的工作啊。即使闻得出烤得正好的味道，我也没有揉那么多面团的力气。” ‖ 瑟莉姆尴尬地笑着这么说，汉娜也笑了。 ‖ 她有少女的外观，但不是人类。	那也要面包店有专门顾窑的工作啊。即使闻得出烤得正好的味道，我也没有揉那么多面团的力气。	赫萝	0.40	赫萝			
2_40	狼与泉烟彼方	2	40	dialogue	unmarked	赫萝	瑟莉姆缩了缩身子，将羊奶碗摆到厨房角落。 ‖ “哎呀，面包真香啊。” ‖ 矮个子傻里傻气地这么说，高个子俐落收好藤篓和篮子。 ‖ ►“汉娜姊，再来要做什么？乳酪之前翻过面，表面也用盐水磨过了。水果酒冷了一夜，放在壁炉边可能比较好。” ‖ “辛苦啦。那就替先生他们弄一点干肉起来吧。” ‖ 汉娜爽快回答，从柜里取出一把大剁刀。	汉娜姊，再来要做什么？乳酪之前翻过面，表面也用盐水磨过了。水果酒冷了一夜，放在壁炉边可能比较好。	赫萝	0.40	赫萝			
2_81	狼与泉烟彼方	2	81	dialogue	unmarked	赫萝	无论是怎样的请托，都没有拒绝的道理。 ‖ “是啦，这么突然接下这个重责大任，任谁都会慌吧。毕竟他们两个就是活在他们的故事里呢。” ‖ 汉娜所表示的同情，可说是仅有的安慰。 ‖ ►“不过他们也是认为你没问题才交给你的吧。罗伦斯先生是通晓人类社会的大商人，赫萝小姐又是不必多提的贤狼大人。虽然她在罗伦斯先生面前总是那么可爱的样子……但她可不糊涂。他们不会强人所难的啦。” ‖ 汉娜的话，瑟莉姆都听得懂。 ‖ 知道论道理应该是这么回事没错。	不过他们也是认为你没问题才交给你的吧。罗伦斯先生是通晓人类社会的大商人，赫萝小姐又是不必多提的贤狼大人。虽然她在罗伦斯先生面前总是那么可爱的样子……但她可不糊涂。他们不会强人所难的啦。	罗伦斯	0.40	罗伦斯			
3_72	狼与泉烟彼方	3	72	action	心理-推测	罗伦斯	瑟莉姆听见自己名字而愣了愣，与赫萝四目相交。 ‖ 赫萝对她和善微笑，然后冷冰冰地对罗伦斯瞪一眼。 ‖ “大笨驴。要不是汝这个小气鬼不想在城里买冬天穿的衣服，咱也不会有那么多东西要缝啊。还是说，这边的金币咱可以拿几个走？” ‖ ►先不提真面目怎么样，化为人形时的赫萝外观比瑟莉姆还年少瘦小。手指细到连缝衣用的顶针都看起来像厚重的手甲。 ‖ 深秋就快到了。入冬以后，御寒用品是至关重要。 ‖ “拿就拿啊，我再从路上的饭钱酒钱扣回来就好了。”	先不提真面目怎么样，化为人形时的赫萝外观比瑟莉姆还年少瘦小。手指细到连缝衣用的顶针都看起来像厚重的手甲。	罗伦斯	0.40	罗伦斯	赫萝		
1_3	狼与灰色的笑颜	1	3	action	物理	赫萝	罗伦斯先生与赫萝小姐又在吵架了。 ‖ 吵架原因是，吃晚饭时分给赫萝小姐的炖肉太少了。 ‖ 罗伦斯先生的主张是“赫萝小姐白天偷吃了肉干，所以扣掉了那些分量的肉”；而赫萝小姐的主张是“胆子不小啊，先拿出证据再说”。 ‖ ►事实上，赫萝小姐真的偷吃了肉干。我亲眼目击到赫萝小姐趁着罗伦斯先生到镇上观察城镇状况，或和旅馆的人在交谈时，悠哉地在床上一边叼着肉干，一边梳理尾巴的毛发。 ‖ 尽管如此，罗伦斯先生也不可能知道真相，所以当赫萝小姐逼问他有没有证据时，不禁说不出话来。我心想如果说出目击到偷吃画面的事实，想必局势就会大逆转。 ‖ 但我没有说出来，因为我觉得赫萝小姐一定想好了反击的方法。	事实上，赫萝小姐真的偷吃了肉干。我亲眼目击到赫萝小姐趁着罗伦斯先生到镇上观察城镇状况，或和旅馆的人在交谈时，悠哉地在床上一边叼着肉干，一边梳理尾巴的毛发。	赫萝	0.55	赫萝			
1_4	狼与灰色的笑颜	1	4	action	心理-推测	赫萝	吵架原因是，吃晚饭时分给赫萝小姐的炖肉太少了。 ‖ 罗伦斯先生的主张是“赫萝小姐白天偷吃了肉干，所以扣掉了那些分量的肉”；而赫萝小姐的主张是“胆子不小啊，先拿出证据再说”。 ‖ 事实上，赫萝小姐真的偷吃了肉干。我亲眼目击到赫萝小姐趁着罗伦斯先生到镇上观察城镇状况，或和旅馆的人在交谈时，悠哉地在床上一边叼着肉干，一边梳理尾巴的毛发。 ‖ ►尽管如此，罗伦斯先生也不可能知道真相，所以当赫萝小姐逼问他有没有证据时，不禁说不出话来。我心想如果说出目击到偷吃画面的事实，想必局势就会大逆转。 ‖ 但我没有说出来，因为我觉得赫萝小姐一定想好了反击的方法。 ‖ 毕竟赫萝小姐是活了好几百年，而且被称呼为贤狼的狼神。	尽管如此，罗伦斯先生也不可能知道真相，所以当赫萝小姐逼问他有没有证据时，不禁说不出话来。我心想如果说出目击到偷吃画面的事实，想必局势就会大逆转。	赫萝	0.40	赫萝	罗伦斯		
2_1b	狼与灰色的笑颜	2	1	dialogue	anaphoric	罗伦斯	在城镇停留时，有很多晚餐地点可选，像是去旅馆附设的餐厅或去酒吧都可以。不过，罗伦斯先生总是希望尽可能地在旅馆房间里吃晚餐。 ‖ ►选择在旅馆房间里吃晚餐时，罗伦斯大多会自己去采买便宜的食材，然后带进旅馆附设的餐厅请人帮忙料理。我问过罗伦斯先生原因，结果得到“这么做比较便宜”的答案。罗伦斯先生还说：“在房间吃饭就算料理不够吃了，也会因为要加点料理很麻烦而死心，所以也能够避免浪费。尤其是我们家有一个不管送来多少食物都会吃下肚的家伙。”说到最后这句话时，罗伦斯先生还露出了苦笑。 ‖ 赫萝小姐似乎也知道罗伦斯先生不去酒吧或餐厅吃饭的原因，所以会很珍惜地喝着酒。在房间里吃饭时，当赫萝小姐喝完分配到的酒后，无论再怎么任性撒娇，也讨不到额外的酒。罗伦斯先生只会面无表情地递出水壶。 ‖ 虽然罗伦斯先生和赫萝小姐吵架时，不会像在我们村落里经常看见的吵架场面那样互丢东西，但两人会立刻停止交谈，也不会看彼此一眼，就仿佛身旁没有任何人一样。在我们村落，只要有人吵架，双方当事人都会变得像怒火焚身一样，周遭的人都会等到怒火熄灭后，才敢靠近当事人，也总习惯把容易摔坏的东西藏起来。	在房间吃饭就算料理不够吃了，也会因为要加点料理很麻烦而死心，所以也能够避免浪费。尤其是我们家有一个不管送来多少食物都会吃下肚的家伙。	罗伦斯	0.70	罗伦斯			
2_2	狼与灰色的笑颜	2	2	action	心理-推测	罗伦斯	在城镇停留时，有很多晚餐地点可选，像是去旅馆附设的餐厅或去酒吧都可以。不过，罗伦斯先生总是希望尽可能地在旅馆房间里吃晚餐。 ‖ 选择在旅馆房间里吃晚餐时，罗伦斯大多会自己去采买便宜的食材，然后带进旅馆附设的餐厅请人帮忙料理。我问过罗伦斯先生原因，结果得到“这么做比较便宜”的答案。罗伦斯先生还说：“在房间吃饭就算料理不够吃了，也会因为要加点料理很麻烦而死心，所以也能够避免浪费。尤其是我们家有一个不管送来多少食物都会吃下肚的家伙。”说到最后这句话时，罗伦斯先生还露出了苦笑。 ‖ ►赫萝小姐似乎也知道罗伦斯先生不去酒吧或餐厅吃饭的原因，所以会很珍惜地喝着酒。在房间里吃饭时，当赫萝小姐喝完分配到的酒后，无论再怎么任性撒娇，也讨不到额外的酒。罗伦斯先生只会面无表情地递出水壶。 ‖ 虽然罗伦斯先生和赫萝小姐吵架时，不会像在我们村落里经常看见的吵架场面那样互丢东西，但两人会立刻停止交谈，也不会看彼此一眼，就仿佛身旁没有任何人一样。在我们村落，只要有人吵架，双方当事人都会变得像怒火焚身一样，周遭的人都会等到怒火熄灭后，才敢靠近当事人，也总习惯把容易摔坏的东西藏起来。 ‖ 罗伦斯先生与赫萝小姐不会大吵大闹，但相对地，即使在经过一场杀气腾腾的互动后，也能够立即展露笑容与其他人说话。不止这样，早上起床后两人还能够露出仿佛从没有发生过任何不愉快似的表情。	赫萝小姐似乎也知道罗伦斯先生不去酒吧或餐厅吃饭的原因，所以会很珍惜地喝着酒。在房间里吃饭时，当赫萝小姐喝完分配到的酒后，无论再怎么任性撒娇，也讨不到额外的酒。罗伦斯先生只会面无表情地递出水壶。	罗伦斯	0.40	罗伦斯	赫萝		
2_15	狼与灰色的笑颜	2	15	dialogue	unmarked	罗伦斯	“是的……我想不应该瞒着您不说……” ‖ 教会在教诲里告诉我们，神明会看见我们的一切所为，所以就是刻意隐瞒也没有用。可是，大家并非拥有像神明一样的眼睛，所以对多数人来说，很多事实永远都是看不见的。 ‖ 在我们村落如果有人说谎或有所隐瞒，就会被人用弯曲的弓打屁股。 ‖ ►在村落时，我们一直被灌输一个观念，那就是“在冬季期间完全被雪封闭，还会有熊或狼出没的山中，一些微不足道的谎言或隐瞒事实，有可能导致令人无法想象的大灾难”。 ‖ 虽然下了山后，我遭遇过无数谎言，也被隐瞒很多事实，但心中依旧认为必须纠正这些错误。 ‖ 毕竟，当时赫萝小姐硬塞给我一片肉干，而我终究把肉干吃了下去。	在冬季期间完全被雪封闭，还会有熊或狼出没的山中，一些微不足道的谎言或隐瞒事实，有可能导致令人无法想象的大灾难	罗伦斯	0.40	罗伦斯			
2_21	狼与灰色的笑颜	2	21	dialogue	anaphoric	罗伦斯	“喔，我早就知道了啊。” ‖ 罗伦斯先生虽然这么说，脸上却挂着看似愉快的表情。 ‖ “咦？可是，您不是……” ‖ ►“如果要我拿出证据，我确实拿不出来，但我发现肉干少了四片。我猜应该是赫萝吃了三片，你吃了一片吧？” ‖ 听到罗伦斯先生这么说，我不禁觉得从头顶到指尖一阵麻。 ‖ 罗伦斯先生不仅拥有比写得密密麻麻的圣经还要多的知识，就连持有物的数量都掌握得一清二楚。	如果要我拿出证据，我确实拿不出来，但我发现肉干少了四片。我猜应该是赫萝吃了三片，你吃了一片吧？	罗伦斯	0.55	罗伦斯			
1_1	狼与琥珀色的忧郁	1	1	action	物理	赫萝	真是好酒啊。 ‖ ►自称连湖水都可以饮干的贤狼，不过是喝下了第一杯这带着小麦香气与颜色的液体就到了如此地步，实在是让人惊讶。而第二杯刚喝到一半，脸就已经红得像是火烧一般。 ‖ 可是，明明酒是如此美味，心情却不如以往那样好。抽动了一下鼻子，想闻闻是否是酒的问题，却闻不出什么。 ‖ 终于，视界开始摇晃，眼皮也变得越来越重，连桌子上的菜都开始模糊起来。明明眼前是撒上了盐末、肥得流油的牛肩肉，却再也没有丝毫的食欲。	自称连湖水都可以饮干的贤狼，不过是喝下了第一杯这带着小麦香气与颜色的液体就到了如此地步，实在是让人惊讶。而第二杯刚喝到一半，脸就已经红得像是火烧一般。	赫萝	0.55	赫萝			
1_2	狼与琥珀色的忧郁	1	2	action	心理-自指	赫萝	真是好酒啊。 ‖ 自称连湖水都可以饮干的贤狼，不过是喝下了第一杯这带着小麦香气与颜色的液体就到了如此地步，实在是让人惊讶。而第二杯刚喝到一半，脸就已经红得像是火烧一般。 ‖ ►可是，明明酒是如此美味，心情却不如以往那样好。抽动了一下鼻子，想闻闻是否是酒的问题，却闻不出什么。 ‖ 终于，视界开始摇晃，眼皮也变得越来越重，连桌子上的菜都开始模糊起来。明明眼前是撒上了盐末、肥得流油的牛肩肉，却再也没有丝毫的食欲。 ‖ 不对，好像自己刚才也没有吃多少东西。也许是身体出了什么问题吧，终于自觉到这一事实，发现这样下去很不妙。	可是，明明酒是如此美味，心情却不如以往那样好。抽动了一下鼻子，想闻闻是否是酒的问题，却闻不出什么。	赫萝	0.35	赫萝			
1_14	狼与琥珀色的忧郁	1	14	action	心理-自指	赫萝	这个有着柔顺金发穿着贫寒的牧羊女。在她眼前绝不能露出自己柔弱的一面。 ‖ “话说回来，我还不知道羊会寻找岩盐呢。” ‖ 继续着刚才羊的话题，这回轮到自己的旅伴很感叹的样子。 ‖ ►相对于年纪只有十五岁上下的牧羊女，充当她谈话对象的旅伴则已有二十多岁。虽然贤狼对人类世界不是完全了解，但是看到他们在这张小桌子旁如此亲密地谈话，总觉得有点不是滋味。 ‖ “因为这些孩子们很喜欢盐味……比如说，将盐涂在岩石上的话，它们就会一直舔呢。” ‖ “咦，这是真的吗？我以前听说过一个秘密的传闻，说在某个遥远的城市用羊来进行一种奇怪的拷问。难道就是因为这个原因吗？”	相对于年纪只有十五岁上下的牧羊女，充当她谈话对象的旅伴则已有二十多岁。虽然贤狼对人类世界不是完全了解，但是看到他们在这张小桌子旁如此亲密地谈话，总觉得有点不是滋味。	赫萝	0.55	赫萝			
1_16	狼与琥珀色的忧郁	1	16	dialogue	unmarked	赫萝	继续着刚才羊的话题，这回轮到自己的旅伴很感叹的样子。 ‖ 相对于年纪只有十五岁上下的牧羊女，充当她谈话对象的旅伴则已有二十多岁。虽然贤狼对人类世界不是完全了解，但是看到他们在这张小桌子旁如此亲密地谈话，总觉得有点不是滋味。 ‖ “因为这些孩子们很喜欢盐味……比如说，将盐涂在岩石上的话，它们就会一直舔呢。” ‖ ►“咦，这是真的吗？我以前听说过一个秘密的传闻，说在某个遥远的城市用羊来进行一种奇怪的拷问。难道就是因为这个原因吗？” ‖ “用羊？” ‖ 这个名为诺儿菈的牧羊女眼中满是好奇，她的瞳孔就如同老实听话到让人想一口吞下的羊羔。	咦，这是真的吗？我以前听说过一个秘密的传闻，说在某个遥远的城市用羊来进行一种奇怪的拷问。难道就是因为这个原因吗？	赫萝	0.40	赫萝			
1_36	狼与琥珀色的忧郁	1	36	dialogue	unmarked	赫萝	但是嘴巴太小，这么一大口咬上去却基本咬不下来，显得有点困惑。 ‖ 嘴巴再张大一点，咬小口一点不就完了吗？但是却不想说，只因为看着自己旅伴的脸依然那么和缓。伴随着怒火，将这件事记在脑海中。 ‖ 人的形态的话，这样还比较好吧。 ‖ ►“是啊，是在人的脚底板上涂上盐，然后让羊去舔。在一开始只是痒，让罪人们因为狂笑而痛苦，但是在经过一段时间不停地舔之后，却变成了剧痛……” ‖ 不知道喝了多少酒，对于这样夸张的叙述，依然感到很享受。 ‖ 本来在不断的旅程中，像这样的事情已经都习惯了吧。	是啊，是在人的脚底板上涂上盐，然后让羊去舔。在一开始只是痒，让罪人们因为狂笑而痛苦，但是在经过一段时间不停地舔之后，却变成了剧痛……	赫萝	0.40	赫萝			
1_41	狼与琥珀色的忧郁	1	41	dialogue	unmarked	赫萝	本来在不断的旅程中，像这样的事情已经都习惯了吧。 ‖ 但是他却从来没有对自己这么说过。 ‖ 头痛显得越发厉害。 ‖ ►“的确，我在吃过干肉之后，羊们都跑来一直舔我的手，让我很不方便。虽然它们都是些好孩子，但是却不知道适可而止，这点有点可怕。” ‖ “这点让你的那位骑士去解决不就好了。” ‖ 狼耳抽动了一下，不过自己的这位同伴肯定没有注意到。	的确，我在吃过干肉之后，羊们都跑来一直舔我的手，让我很不方便。虽然它们都是些好孩子，但是却不知道适可而止，这点有点可怕。	赫萝	0.40	赫萝			
1_0	狼与白色的猎犬	1	0	action	物理	赫萝	►大概在伙伴从山路上滑落时，神的试炼就已经开始了。所幸当时情况并不严重。但那时正逢连绵阴雨，道路各处都有塌陷，让人在深山里几乎寸步难行。 ‖ 从邻村雇来的马夫起初还是一副威风模样，结果从听到月夜里的狼嚎声开始，神情便有些不对劲了。终于有一天中午，他去采摘蘑菇作为午饭的加餐，就此一去不返。 ‖ 我们被丢弃在了这不时能听到狼嚎声的深山里。	大概在伙伴从山路上滑落时，神的试炼就已经开始了。所幸当时情况并不严重。但那时正逢连绵阴雨，道路各处都有塌陷，让人在深山里几乎寸步难行。	赫萝	0.30	赫萝			
2_41	狼与白色的猎犬	2	41	dialogue	unmarked	赫萝	是个小孩子，头发是灰中掺杂着银粉般，不可思议的颜色。 ‖ “呐，哥哥！ 这个绝对不对劲！” ‖ 从长长的头发来看，大概是个女孩子。应该不是杂役，而是店主人的女儿吧。此时她正挥着手里的石板，站在旅馆门口朝屋内大声叫喊着。年轻的少女如此吵闹是非常失礼的，正当我为此皱眉时，又看到她从手边的麻袋里拿出了什么叼在嘴里。看来是个个性调皮的孩子。 ‖ ►“不管数了多少遍，小麦粉就是不够！ 这是什么嘛，我觉得里面肯定混了燕麦粉！ 所以就说根本不能相信那个人的！” ‖ 小小年纪，眼光倒相当犀利，让人佩服。 ‖ 磨成面粉后，想要判断麦子的种类就会变得相当困难，几种混合起来则更甚。	不管数了多少遍，小麦粉就是不够！ 这是什么嘛，我觉得里面肯定混了燕麦粉！ 所以就说根本不能相信那个人的！	赫萝	0.40	赫萝			
2_76	狼与白色的猎犬	2	76	dialogue	unmarked	赫萝	“那，汝究竟是啥人。要化缘现在正好。温泉池子里有不少和尚呢。” ‖ 她说出化缘这个词时似乎咬了一下舌头，让人觉得莫名的可爱。真是位不可思议的少女。 ‖ 我挺直身体，对她答道。 ‖ ►“我名叫格兰·萨尔加多。受逗留于此的包豪修道院长阁下邀请而来。这个冬天要承蒙您关照了，院长阁下是否已经对您说过此事？” ‖ 虽然将理由说了出来，但对方的反应却并不理想，丝毫不掩饰怀疑的目光。 ‖ 大概，是因为这副模样的缘故吧。我身穿着好几重已经磨破了的长衣，脖子上挂着兼具干粮与露宿时除虫之用，如铃铛般串在一起的大蒜。身边比自己还高的木棍是在路上捡来的，无论是驱赶野狗，探查泥沼的深度，或是晾干衣服时都派上了很大用处。胡子也为了防寒而很久没有剃过。	我名叫格兰·萨尔加多。受逗留于此的包豪修道院长阁下邀请而来。这个冬天要承蒙您关照了，院长阁下是否已经对您说过此事？	赫萝	0.40	赫萝			
2_91	狼与白色的猎犬	2	91	dialogue	unmarked	赫萝	这里是家境殷实之人聚集的温泉旅店，并不是沿路的旅舍。 ‖ “这也是一个原因，不过呐。” ‖ 亚麻色头发的少女哼了哼鼻子，接着笑了起来。 ‖ ►“看来汝真是个和尚，这种人可不多见呐。衣服破成这样，看起来倒又不是乞丐。汝就是那种面前摆着酒和肉，却还要去找豆子和水的人呗？ 不过这里可不是荒野里的小庙。” ‖ “啊，原来如此。” ‖ 我露出了久违数月的笑容。	看来汝真是个和尚，这种人可不多见呐。衣服破成这样，看起来倒又不是乞丐。汝就是那种面前摆着酒和肉，却还要去找豆子和水的人呗？ 不过这里可不是荒野里的小庙。	赫萝	0.40	赫萝			
5_59	狼与白色的猎犬	5	59	action	心理-推测	罗伦斯	在店里呆了两周，这里的人际关系我也大概清楚了。 ‖ 从店主罗伦斯和他的妻子赫萝，以及他们的独生女儿缪莉和柯尔的关系来看，两个男人很有可能出于温柔或是绅士风度，替她们吃完全部的燕麦饼。 ‖ 赫萝和缪莉这对母女不仅长得一模一样，对美味食物的追求也是一模一样。 ‖ ►让缪莉大吵大闹的那个砂糖罐，似乎也是在这对母女的轮流偷吃下不知不觉地空了，最终引得店主罗伦斯头痛不已。据客人们说，罗伦斯跟柯尔被她们带得团团转，这幅场景可谓是狼与香辛料的一大名胜。 ‖ 想到这里，我突然看到罗伦斯换上了商人模样的面孔。 ‖ “有一件事，我想向您请教一下。”	让缪莉大吵大闹的那个砂糖罐，似乎也是在这对母女的轮流偷吃下不知不觉地空了，最终引得店主罗伦斯头痛不已。据客人们说，罗伦斯跟柯尔被她们带得团团转，这幅场景可谓是狼与香辛料的一大名胜。	罗伦斯	0.40	罗伦斯	柯尔		
6_8	狼与白色的猎犬	6	8	action	心理-推测	赫萝	和潜入其他旅店的同志们交换了情报，结果哪里都是类似的。所谓某家店里潜藏着异端者的传言，大概都是由于这小小村子中一些争端而产生的诽谤。 ‖ 我判断自己继续呆在此地也不会有什么成果，是在入住狼与香辛料有两个月左右的时候。 ‖ “啊，您要离开店里了？” ‖ ►把这件事告诉罗伦斯后，他露出了非常惊讶的表情。现在还是严冬，纽希拉这片地区处处积着深雪。在这种时候南归的人恐怕很少。当然，理由我是早有准备的。 ‖ “南方的春祭也快来了，我必须得回去做准备。” ‖ 不管怎么说看来都没法挽留，于是罗伦斯遗憾了片刻，又用双手握住我的手，对我说希望下次再来。	把这件事告诉罗伦斯后，他露出了非常惊讶的表情。现在还是严冬，纽希拉这片地区处处积着深雪。在这种时候南归的人恐怕很少。当然，理由我是早有准备的。	赫萝	0.40	赫萝	罗伦斯		
1_3	狼与白色的道路	1	3	action	物理	罗伦斯	差不多在十二、十三岁时离开贫穷偏僻的故乡后，就以徒弟身份跟着师父行动。 ‖ 在那之后，就一直以商人身份持续过着旅行生活。 ‖ 虽然和师父两人之旅的时间比较长，但偶尔也会遇到一起旅行的人们。 ‖ ►有时会一起旅行两、三天后暂时别离，等到过了一星期后又忽然会合，有时会一起旅行一、两个月，等到开始熟知对方的惊涛骇浪旅行生活时，却在没能尽兴的状况下别离。 ‖ 这般经历在旅行生活中很平常，而在城镇生活时绝对无法体验到的稀奇事情，也当然可能发生。就连在城镇里必须向对方行跪拜礼的高贵人士，在旅途上相遇时，地位也会变得平等，并成为一起取暖共度一晚的同伴。 ‖ 因为这样，所以一辈子在同一座城镇生活的人，总会以异样眼光看待过着旅行生活的人，而他们会有这般心情，也不是难以理解的事情。尤其是在所有居民都是从出生时就彼此认识的偏僻村落，村民们对于旅人的反应特别强烈。	有时会一起旅行两、三天后暂时别离，等到过了一星期后又忽然会合，有时会一起旅行一、两个月，等到开始熟知对方的惊涛骇浪旅行生活时，却在没能尽兴的状况下别离。	罗伦斯	0.30	罗伦斯			
1_56	狼与白色的道路	1	56	dialogue	anaphoric	罗伦斯	村长并非对着罗伦斯，而是以仿佛就快跪拜下来似的态度对着赫萝做说明。 ‖ “我们是在这种乡下村落生活的小村民，所以很希望能够和两位说说话。” ‖ “唔？说说话？” ‖ ►“是的！敝人虽不才，但是这座村落的村长，也负责帮助村民们增广见闻。所以，很希望能够听听旅人朋友们跟我们分享在外地见闻到的事情。” ‖ 如果说赫萝是个说谎脸不红心不惊的人，眼前这位村长就是看见有旅人经过村落旁，就会把对方带进家里，然后满足自己好奇心的人。 ‖ 罗伦斯没见过态度如此谦卑，却又如此厚脸皮的村长。	是的！敝人虽不才，但是这座村落的村长，也负责帮助村民们增广见闻。所以，很希望能够听听旅人朋友们跟我们分享在外地见闻到的事情。	赫萝	0.55	赫萝			
1_62	狼与白色的道路	1	62	dialogue	anaphoric	罗伦斯	罗伦斯不用猜也知道村长平常都和哪些人说话。 ‖ 无庸置疑地，应该都是一些像罗伦斯一样想要抄近路的蛮横商人们。 ‖ 从对方的说话方式和用字遣词，很容易就能够知道对方受到哪种人的影响。 ‖ ►“嗯……咱们俩确实是旅人。咱们的旅途可远了。咱们从南方来到这里，并准备前往一切彷佛结冻了似的北方。当然了，旅途上咱们身陷生命烛光就快被吹熄的暴风雨之中时，因伟大光芒而获救的经验，已不是一、两次的事情。” ‖ 赫萝动作夸张地说道，还不忘比手画脚地加上动作。 ‖ 赫萝肯定是把专门在城镇聚集小孩子或好奇心旺盛的悠哉大人们，然后做表演的吟游诗人那一招拿来现学现卖。赫萝除了拥有足以被称为贤狼的聪明头脑之外，还拥有天不怕地不怕的胆量，所以做出这般举动显得出奇地合适，而这也是她最令人害怕的地方。	嗯……咱们俩确实是旅人。咱们的旅途可远了。咱们从南方来到这里，并准备前往一切彷佛结冻了似的北方。当然了，旅途上咱们身陷生命烛光就快被吹熄的暴风雨之中时，因伟大光芒而获救的经验，已不是一、两次的事情。	赫萝	0.55	赫萝			
1_84	狼与白色的道路	1	84	action	心理-推测	罗伦斯	投来视线的人不是别人，正是村长。村长的眼神几乎就像一个看见被囚禁的公主，而试图求爱的骑士。 ‖ “什么？如果是这样的状况，两位怎么不早点说出来呢？” ‖ 赫萝在兜帽底下藏着呈三角形尖起、威风凛凛的狼耳朵，村长的大嗓门让她差点跳了起来。 ‖ ►村长想必是为了在辽阔的田里，确切发出指示让村民们工作，而练出了大嗓门。凭赫萝那么敏锐的听觉，肯定吓了一大跳。 ‖ 看得出来赫萝在兜帽底下拼命地想要镇静下来。 ‖ 看见这般模样的赫萝后，罗伦斯不禁心想“既然赫萝都做到这般地步了，就配合她吧”，而心生近似死心的情绪。	村长想必是为了在辽阔的田里，确切发出指示让村民们工作，而练出了大嗓门。凭赫萝那么敏锐的听觉，肯定吓了一大跳。	罗伦斯	0.40	罗伦斯	赫萝		
2_15	狼与白色的道路	2	15	dialogue	unmarked	赫萝	“嗯。然后，就在那瞬间，远处传来了勇猛的狼叫声。那声音听起来简直就像胜利的欢呼声呐……” ‖ 赫萝余韵十足地说道，最后四周充溢了感叹的叹息声。 ‖ 所有人听故事听得入神，连手上的酒都忘了喝。 ‖ ►“狼只成群地冲下沼泽，并蜂拥直奔山谷。结果侵入山谷的盗贼们什么也没抢到手，就仓皇而逃。留在原地的净是一些住在谷底的村民。” ‖ “那、那不就变成满是狼群的山谷？” ‖ “虽然是赶走了盗贼，但这下子不就……你说对不对？”	狼只成群地冲下沼泽，并蜂拥直奔山谷。结果侵入山谷的盗贼们什么也没抢到手，就仓皇而逃。留在原地的净是一些住在谷底的村民。	赫萝	0.40	赫萝			
2_60	狼与白色的道路	2	60	action	心理-推测	赫萝	“喂！酒好像喝得还不够，还不快倒酒！” ‖ “来！别客气！连神明也会允许我们喝酒啊。而且，两位难得来到这里，就把你们知道的故事全告诉我们吧！” ‖ 姑且不论料理，这里的酒确实如石匠所说，好喝极了。 ‖ ►平常赫萝似乎也会为罗伦斯的荷包担心，但现在只要肯说故事，村民就会愿意拿出无止境的酒来请她，所以没有什么好过意不去的地方。 ‖ 赫萝毫不客气地大口大口喝下酒后，就会变得更饶舌地再说出各种故事。 ‖ 不过，赫萝的酒量并非没有极限，故事的点子也没有多得如春天的蒲公英一样数不清。更何况如果因为宿醉而身体不舒服，就会影响明天以后的行程。	平常赫萝似乎也会为罗伦斯的荷包担心，但现在只要肯说故事，村民就会愿意拿出无止境的酒来请她，所以没有什么好过意不去的地方。	赫萝	0.40	赫萝	罗伦斯		
1_1	狼与硕果之夏	1	1	action	物理	罗伦斯	纽希拉以冬日的逗留而闻名，但夏天也另有人气。 ‖ ►位于群山深处的这里终年气候凉爽，浸过热汤之后，再从冰室里取出冬天储藏的雪块，冰上一瓶凉飕飕的麦酒或是葡萄酒，这是罪孽深重的酒鬼们难以抗拒的诱惑。话虽如此，眼下的客流终究是比不上冬天，乐师和舞娘们也趁着夏季前往各自的地盘演艺，忙碌得不见踪影。因此夏日的纽希拉就成了一片极好的乐土，有适当的客流，也有适当的热闹。 ‖ 温泉旅店“狼与香辛料”也不例外。客人们成群结队地出去露宿钓鱼之后，店里就只剩下了一早开始的静谧氛围。 ‖ “唔啊~……”	位于群山深处的这里终年气候凉爽，浸过热汤之后，再从冰室里取出冬天储藏的雪块，冰上一瓶凉飕飕的麦酒或是葡萄酒，这是罪孽深重的酒鬼们难以抗拒的诱惑。话虽如此，眼下的客流终究是比不上冬天，乐师和舞娘们也趁着夏季前往各自的地盘演艺，忙碌得不见踪影。因此夏日的纽希拉就成了一片极好的乐土，有适当的客流，也有适当的热闹。	罗伦斯	0.30	罗伦斯			
1_26	狼与硕果之夏	1	26	action	心理-推测	罗伦斯	然后，她又猛地立起了狼耳朵，嫌恶似地叹出一口气来。 ‖ 很快罗伦斯就明白了其中理由。 ‖ “妈妈！ 爸爸！ 你们在哪儿——！” ‖ ►刚刚才被训斥一通的缪莉居然又找了回来，这种情况可不常有，而且想必不是什么好事。赫萝的叹息更沉重了。 ‖ 不到晌午，罗伦斯已经准备好了装满灌肠的袋子和锅，又把一条大麻袋叠好一并绑在背上。他身旁的柯尔则提着装面包的袋子，而且——很奇妙地——胳膊下还夹着一本圣典。 ‖ “路上小心，记得要带伴手礼回来呀。”	刚刚才被训斥一通的缪莉居然又找了回来，这种情况可不常有，而且想必不是什么好事。赫萝的叹息更沉重了。	罗伦斯	0.40	罗伦斯	赫萝		
1_48	狼与硕果之夏	1	48	action	心理-推测	罗伦斯	“哈哈哈……” ‖ 柯尔发出干笑，而罗伦斯又对他问道。 ‖ “可话说回来，这恶魔究竟是怎么回事？”?????????????????? ‖ ►缪莉之所以会飞奔回旅店寻求柯尔的帮助，似乎还是有一两分理由的。柯尔曾研习过教会法学，如今依旧怀抱着成为圣职者的梦想不断钻研学问。 ‖ 缪莉似乎是觉得以柯尔的经历与身份，他正是祛除恶魔的最佳人选。 ‖ “会是怎样呢……。如果是孩子们夜里玩试胆游戏，或许看到野鹿或是野兔也很容易产生错觉。”	缪莉之所以会飞奔回旅店寻求柯尔的帮助，似乎还是有一两分理由的。柯尔曾研习过教会法学，如今依旧怀抱着成为圣职者的梦想不断钻研学问。	罗伦斯	0.40	罗伦斯	柯尔		
1_50	狼与硕果之夏	1	50	dialogue	anaphoric	罗伦斯	“可话说回来，这恶魔究竟是怎么回事？”?????????????????? ‖ 缪莉之所以会飞奔回旅店寻求柯尔的帮助，似乎还是有一两分理由的。柯尔曾研习过教会法学，如今依旧怀抱着成为圣职者的梦想不断钻研学问。 ‖ 缪莉似乎是觉得以柯尔的经历与身份，他正是祛除恶魔的最佳人选。 ‖ ►“会是怎样呢……。如果是孩子们夜里玩试胆游戏，或许看到野鹿或是野兔也很容易产生错觉。” ‖ “嗯……啊，这里有个记号。这是村里的孩子们留下的吗。” ‖ 成人们进山使用的路径是还算能保证安全的山路，但只有野兽踩出的小径才能满足淘气孩子们的冒险心。	会是怎样呢……。如果是孩子们夜里玩试胆游戏，或许看到野鹿或是野兔也很容易产生错觉。	柯尔	0.55	柯尔			
1_123	狼与硕果之夏	1	123	dialogue	unmarked	罗伦斯	罗伦斯还没明白眼前发生了什么，赫萝已经笑得抖起肩膀来。 ‖ “噗噗噗……汝这是被蘑菇吓破了胆呗？” ‖ 她促狭地笑着，拍了拍手上的土，站起身来。 ‖ ►“话虽如此。咱记得自己以前在森林里见着了这个，也以为是地下埋着人，还挖开土瞧过。” ‖ “……是、是这样啊？” ‖ “毕竟和死人指头简直是一个模子刻出来的。咱好像听说过，它似乎也就叫这名字。”	话虽如此。咱记得自己以前在森林里见着了这个，也以为是地下埋着人，还挖开土瞧过。	罗伦斯	0.40	罗伦斯			
1_132	狼与硕果之夏	1	132	dialogue	anaphoric	罗伦斯	“你是不是一开始就发现了？” ‖ “汝说呢？” ‖ 赫萝耸耸肩，回头又拉起罗伦斯的手，朝来的地方走去。 ‖ ►“快点快点，生火做饭呗。现在山里还没什么人，蘑菇又大又好，要多少就有多少。吃完饭还得给汉娜也采一点。这蘑菇用醋腌用盐腌都合适，晒干了没准也不错呐。” ‖ 赫萝急不可耐的模样让罗伦斯哑口无言，但他同时又情不自禁地笑了起来。 ‖ 或许这是一种令人喜悦的惊讶感。他本以为自己已经见识够了世上的万物，未曾想过还能目睹这样的奇异。	快点快点，生火做饭呗。现在山里还没什么人，蘑菇又大又好，要多少就有多少。吃完饭还得给汉娜也采一点。这蘑菇用醋腌用盐腌都合适，晒干了没准也不错呐。	赫萝	0.55	赫萝			
1_7	狼与秋色笑容	1	7	action	物理	赫萝	“咱太冷太热都不喜欢。” ‖ “那就是春天或秋天了吧？” ‖ “春天是不错，可是到处都匆匆忙忙的。冬雪溶光之前，很容易弄得浑身都是泥。” ‖ ►一个娇小的少女坐在货马车的驾座上，用梳子整理腿上的毛皮。兜帽罩着整颗头，全身装扮很朴素，算得上饰品的只有挂在脖子上的束口袋。但仔细看过以后，可以发现衣袖和缠腰布的下摆都没有一点破损。 ‖ 她穿的是朴素但品质很好的衣服，美丽的亚麻色长发从兜帽底下流泄出来，看起来像个旅行中的修女，或者是要去远方土地相亲的好人家少女。 ‖ 不过她不是修女也不是贵族千金，甚至根本不是人。	一个娇小的少女坐在货马车的驾座上，用梳子整理腿上的毛皮。兜帽罩着整颗头，全身装扮很朴素，算得上饰品的只有挂在脖子上的束口袋。但仔细看过以后，可以发现衣袖和缠腰布的下摆都没有一点破损。	赫萝	0.30	赫萝			
1_11	狼与秋色笑容	1	11	dialogue	anaphoric	赫萝	她穿的是朴素但品质很好的衣服，美丽的亚麻色长发从兜帽底下流泄出来，看起来像个旅行中的修女，或者是要去远方土地相亲的好人家少女。 ‖ 不过她不是修女也不是贵族千金，甚至根本不是人。 ‖ 少女名叫赫萝，另一个面目是宿于麦子中的巨狼。远古时期曾统治约伊兹地区，在遥远南方有人称她为丰收之神。手上的毛皮不是膝毯，而是从她腰际长出来的尾巴。 ‖ ►“要旅行的话，就该像现在这样秋天出门。风虽然冷，出太阳的时候就暖洋洋地很舒服，晚上还很适合温点小酒来喝。而且再来就是冬天，会有那种有点荒凉，又有很平静的感觉。那不是很适合咱这样聪明的贤狼吗？” ‖ 在驾座上梳尾巴的赫萝心情好像很好，特别健谈。或许是因为如此，尾毛也比平时更蓬松。 ‖ 坐在赫萝身边的是前旅行商人罗伦斯。十多年前，他与赫萝萍水相逢，历经几场冒险后相许终生。后来在温泉乡纽希拉经营温泉旅馆“狼与辛香料亭”，至今已有十年余。	要旅行的话，就该像现在这样秋天出门。风虽然冷，出太阳的时候就暖洋洋地很舒服，晚上还很适合温点小酒来喝。而且再来就是冬天，会有那种有点荒凉，又有很平静的感觉。那不是很适合咱这样聪明的贤狼吗？	赫萝	0.55	赫萝			
2_5	狼与秋色笑容	2	5	dialogue	anaphoric	赫萝	然而经营旅馆十分忙碌，且十二分地有趣。或许说女儿出生，忙到对旅行的怀念连个苗头都钻不出来比较准确。一晃眼，十几年就过去了。 ‖ 因此这一次，并不是因为罗伦斯心血来潮。是赫萝表示想出纽希拉走走，旅行个一阵子。 ‖ 不过赫萝基本上是个家里蹲，只要能整天打滚，喝酒泡温泉就没什么怨言，提议旅行当然有她的理由。 ‖ ►“那么，首先要往哪个城镇走呢，那两个人现在又在哪里呢……最后一封信是从温菲尔王国南边的城镇寄来的吧。” ‖ 罗伦斯摊在腿上的地图上有一封信，信中有两个署名。一个是罗伦斯和赫萝生下的女儿缪里，今年十二、三岁，一般而言，开始有人来说亲也不足为奇。 ‖ 另一个署名是从字迹就能看出做事一板一眼，以投身圣职为志而下山游历的青年寇尔。	那么，首先要往哪个城镇走呢，那两个人现在又在哪里呢……最后一封信是从温菲尔王国南边的城镇寄来的吧。	罗伦斯	0.55	罗伦斯			
2_19	狼与秋色笑容	2	19	dialogue	anaphoric	赫萝	罗伦斯总是如此告诉自己，但还是无法放下心来。 ‖ “早春那封，是从比纽希拉更冷的海岛上寄来的呗。” ‖ 也不晓得赫萝懂不懂罗伦斯的心情，她仔细地拨整尾毛回想着说。 ‖ ►“啊，那里是我也没去过的北方群岛地带嘛。后来他们南下到温菲尔王国，过了春夏两季，现在好像在王国南部……可是信寄来的间隔愈来愈长了呢……虽然信上没写，他们应该吃了不少苦吧……” ‖ 罗伦斯很清楚旅行的危险和艰苦，无法轻言说出没消息就是好消息这种话。 ‖ 路上会有强盗，城里四处有流氓。就算没遇到坏人，也有染病和受伤的危险。若倒楣遭暴雨暴雪所困，饿死冷死都有可能。	啊，那里是我也没去过的北方群岛地带嘛。后来他们南下到温菲尔王国，过了春夏两季，现在好像在王国南部……可是信寄来的间隔愈来愈长了呢……虽然信上没写，他们应该吃了不少苦吧……	罗伦斯	0.55	罗伦斯			
2_73	狼与秋色笑容	2	73	action	心理-推测	赫萝	赫萝狼耳一竖，瞪着眼说不出话来。 ‖ “咱……咱是为了汝……” ‖ 接着耳朵、肩膀、尾巴都垂了下来，整个人缩成小小一个。 ‖ ►原本就很娇弱的她，这样看起来更惹人怜惜，但罗伦斯和赫萝一起生活的这十几年可不是白过的。 ‖ “蜜渍桃。” ‖ “！”	原本就很娇弱的她，这样看起来更惹人怜惜，但罗伦斯和赫萝一起生活的这十几年可不是白过的。	赫萝	0.40	赫萝	罗伦斯		
4_31	狼与秋色笑容	4	31	action	心理-推测	罗伦斯	“咱昨天没吃到肉，应该要补上才对。” ‖ 即使一早就展现对肉的惊人执著，也不能太宠她。罗伦斯一本正经地说： ‖ “不行，要遵守旅行计划，否则只会自讨苦吃。以前我们行商的时候，你就尝过那种后果了吧。” ‖ ►赫萝看起来爱耍任性，但行不通时还是懂得进退。平时罗伦斯会任由赫萝耍任性，都是因为想宠宠她的时候被她看出来了而已。 ‖ 因此，当罗伦斯毅然拒绝，赫萝即使不服气也得黯然接受。 ‖ “汝从以前就是个死脑筋。”	赫萝看起来爱耍任性，但行不通时还是懂得进退。平时罗伦斯会任由赫萝耍任性，都是因为想宠宠她的时候被她看出来了而已。	罗伦斯	0.40	罗伦斯	赫萝		
1_10	狼与红霞色的礼物	1	10	action	物理	赫萝	虽然旅伴赫萝的态度让人甚至有这般惊讶感受，但无庸置疑地，赫萝心里想的和嘴里说的完全不同。 ‖ “你真的那么讨厌啊？” ‖ “不会。” ‖ ►赫萝简短说道，并别过脸去。她头上绑着三角头巾，肩上披着披肩，脖子上围着狐狸围巾，手上则戴着用鹿皮做成的手套。这身打扮怎么看都像个城镇女孩。不仅如此，赫萝还拥有一头从三角头巾下方垂到腰部、就是贵族也不见得能够拥有的美丽亚麻色长发。如果有十个人与赫萝擦身而过，十个人都会因其美貌而回过头看。 ‖ 如果是诗人，可能会形容赫萝是看起来最楚楚可怜的十多岁少女，但罗伦斯知道事情的真相。赫萝既不是城镇女孩，也不是十多岁的少女，其真实身份甚至不属于人类。只要拿下三角头巾，就会看见藏在底下的动物耳朵，绑在腰上的长袍底下也藏着毛发茂密的尾巴。 ‖ 赫萝是寄宿在麦子里，并且能够掌控麦子丰收与否，从前甚至被尊称为神明的存在，其真实模样是一只高龄数百岁的巨狼。	赫萝简短说道，并别过脸去。她头上绑着三角头巾，肩上披着披肩，脖子上围着狐狸围巾，手上则戴着用鹿皮做成的手套。这身打扮怎么看都像个城镇女孩。不仅如此，赫萝还拥有一头从三角头巾下方垂到腰部、就是贵族也不见得能够拥有的美丽亚麻色长发。如果有十个人与赫萝擦身而过，十个人都会因其美貌而回过头看。	赫萝	0.55	赫萝			
1_11	狼与红霞色的礼物	1	11	action	心理-推测	赫萝	“你真的那么讨厌啊？” ‖ “不会。” ‖ 赫萝简短说道，并别过脸去。她头上绑着三角头巾，肩上披着披肩，脖子上围着狐狸围巾，手上则戴着用鹿皮做成的手套。这身打扮怎么看都像个城镇女孩。不仅如此，赫萝还拥有一头从三角头巾下方垂到腰部、就是贵族也不见得能够拥有的美丽亚麻色长发。如果有十个人与赫萝擦身而过，十个人都会因其美貌而回过头看。 ‖ ►如果是诗人，可能会形容赫萝是看起来最楚楚可怜的十多岁少女，但罗伦斯知道事情的真相。赫萝既不是城镇女孩，也不是十多岁的少女，其真实身份甚至不属于人类。只要拿下三角头巾，就会看见藏在底下的动物耳朵，绑在腰上的长袍底下也藏着毛发茂密的尾巴。 ‖ 赫萝是寄宿在麦子里，并且能够掌控麦子丰收与否，从前甚至被尊称为神明的存在，其真实模样是一只高龄数百岁的巨狼。 ‖ 约伊兹的贤狼赫萝。	如果是诗人，可能会形容赫萝是看起来最楚楚可怜的十多岁少女，但罗伦斯知道事情的真相。赫萝既不是城镇女孩，也不是十多岁的少女，其真实身份甚至不属于人类。只要拿下三角头巾，就会看见藏在底下的动物耳朵，绑在腰上的长袍底下也藏着毛发茂密的尾巴。	赫萝	0.40	赫萝	罗伦斯		
1_14	狼与红霞色的礼物	1	14	action	心理-推测	赫萝	如果是诗人，可能会形容赫萝是看起来最楚楚可怜的十多岁少女，但罗伦斯知道事情的真相。赫萝既不是城镇女孩，也不是十多岁的少女，其真实身份甚至不属于人类。只要拿下三角头巾，就会看见藏在底下的动物耳朵，绑在腰上的长袍底下也藏着毛发茂密的尾巴。 ‖ 赫萝是寄宿在麦子里，并且能够掌控麦子丰收与否，从前甚至被尊称为神明的存在，其真实模样是一只高龄数百岁的巨狼。 ‖ 约伊兹的贤狼赫萝。 ‖ ►每次一有什么，赫萝就会挺起胸膛骄傲地这么形容自己，罗伦斯却是时而忍不住想要叹气。因为赫萝这只贤狼的心胸似乎狭窄了些。 ‖ “距离下一个城镇不会太远，而且应该也不会太冷。忍耐个一、两天吃冷饭应该没问题吧？所以——” ‖ “所以咱说汝自己判断就好。”	每次一有什么，赫萝就会挺起胸膛骄傲地这么形容自己，罗伦斯却是时而忍不住想要叹气。因为赫萝这只贤狼的心胸似乎狭窄了些。	赫萝	0.40	赫萝	罗伦斯		
1_56	狼与红霞色的礼物	1	56	dialogue	unmarked	赫萝	“那边？喔～您是说修米铜币啊。您打算经过北方的森林啊？” ‖ “是的。我记得途中会经过樵夫村。” ‖ 旅途中依经过的城镇不同，必须准备的零钱种类也会不同。举例来说，不停往返陷入纷争的两个城镇之间时，如果使用了敌方的货币，后果可想而知。 ‖ ►“那地方很小，可能还称不上是村落。不过，这时期很多人会想赶在下雪前做最后一次工作，应该会聚集很多人吧。所以，兑换比率是这样。” ‖ 尽管兑换行情是由好几种类，甚至好几十种类货币的行情交错构成，但只要是出生意的人，都大致掌握了兑换比率。 ‖ 虽然店老板提示的兑换比率有些不利于罗伦斯，但也不至于亏损。	那地方很小，可能还称不上是村落。不过，这时期很多人会想赶在下雪前做最后一次工作，应该会聚集很多人吧。所以，兑换比率是这样。	赫萝	0.40	赫萝			
2_74	狼与红霞色的礼物	2	74	dialogue	anaphoric	赫萝	毕竟排列在书桌上的东西，正是用来买物品的货币。 ‖ “没错，要拿去卖。” ‖ “可是……这些是货币呗。” ‖ ►“货币也能卖。古老时代……不过，没你平常说的古老时代那么古老就是了，以前不仅是兑换商，工艺师也会在屋檐下卖货币。” ‖ 赫萝露出因醉意而显得水汪汪的眼神，一副感兴趣的模样安静地从手边拿起一枚货币。 ‖ “像是传说中的国王所发行的货币，或是据说某间里头有个只要摸到他的夹角，病痛就会立刻痊愈的圣人所属的修道院领地发行的货币。一般会在货币上打洞，然后用绳子串起来，再挂在胸前。但我听说过也有人会把货币镶进剑柄里。”	货币也能卖。古老时代……不过，没你平常说的古老时代那么古老就是了，以前不仅是兑换商，工艺师也会在屋檐下卖货币。	赫萝	0.55	赫萝			
2_76	狼与红霞色的礼物	2	76	dialogue	anaphoric	赫萝	“可是……这些是货币呗。” ‖ “货币也能卖。古老时代……不过，没你平常说的古老时代那么古老就是了，以前不仅是兑换商，工艺师也会在屋檐下卖货币。” ‖ 赫萝露出因醉意而显得水汪汪的眼神，一副感兴趣的模样安静地从手边拿起一枚货币。 ‖ ►“像是传说中的国王所发行的货币，或是据说某间里头有个只要摸到他的夹角，病痛就会立刻痊愈的圣人所属的修道院领地发行的货币。一般会在货币上打洞，然后用绳子串起来，再挂在胸前。但我听说过也有人会把货币镶进剑柄里。” ‖ 赫萝拿在手上的货币刻了船只和橹桨的图样，是沿海国家所发行的货币。 ‖ 看了看正反面后，赫萝试着把货币拿到胸前比一比。	像是传说中的国王所发行的货币，或是据说某间里头有个只要摸到他的夹角，病痛就会立刻痊愈的圣人所属的修道院领地发行的货币。一般会在货币上打洞，然后用绳子串起来，再挂在胸前。但我听说过也有人会把货币镶进剑柄里。	赫萝	0.55	赫萝			
1_0	狼与羊毛刷	1	0	action	物理	赫萝	►在深山温泉乡开设温泉旅馆至今，算起来已有十几个年头。换言之，比起独立出来云游四海作生意，当旅馆老板的时间已经比较长了。 ‖ 原来老了这么多岁啊……罗伦斯感叹地躺在马车货台上，望着天空。 ‖ “好了呗，大笨驴。汝要躺到什么时候？”	在深山温泉乡开设温泉旅馆至今，算起来已有十几个年头。换言之，比起独立出来云游四海作生意，当旅馆老板的时间已经比较长了。	赫萝	0.30	赫萝			
1_46	狼与羊毛刷	1	46	dialogue	anaphoric	赫萝	“有温泉能泡，腰痛也会好得很快呐。” ‖ “就是啊。况且现在夜里还很冷，打野宿可不好受呢。” ‖ 出太阳的时间还算温暖，可是森林暗处仍有不少积雪，日落之后转眼就冷得吓人。若没有赫萝的尾巴，根本就不能睡。 ‖ ►“要是因此感冒可就得不偿失了。为了接夏天的客人，还有好多东西要准备，而且有新人要来了。得另外准备一个房间，工作怎么分配也要重新想过呢。还是早点回去早点处理来得好……呃，怎么啦？” ‖ 罗伦斯检查待办事项到一半，忽然发现赫萝在瞪他。 ‖ 不像生气，而是冻伤的脚趾发痒却搔不到的脸。	要是因此感冒可就得不偿失了。为了接夏天的客人，还有好多东西要准备，而且有新人要来了。得另外准备一个房间，工作怎么分配也要重新想过呢。还是早点回去早点处理来得好……呃，怎么啦？	罗伦斯	0.55	罗伦斯			
1_57	狼与羊毛刷	1	57	action	心理-自指	赫萝	“汝在说什么东西？” ‖ 竟然还装傻。 ‖ “真是的……” ‖ ►虽然无奈却无法忽视，是因为赫萝一半是开玩笑，但仍有一半是真心。待在斯威奈尔参加庆典这几天，他们遇到了意想不到的人。原以为他们要直接抢温泉乡纽希拉的生意，使得众人议论纷纷，结果他们的真面目居然是非人之人，而且既不是鸟也不是兔子或羊，偏偏是狼。 ‖ 他们原本在南方以当佣兵维生，后来偶然得到一张许可证，想在那块土地打造一个温泉乡以安身立命。或许是预料中事吧，这张许可证引起了一些麻烦事，最后是由罗伦斯协助他们解决问题。 ‖ 但就在以为事情圆满结束后，罗伦斯才想起自己为刻划这圆而割去的“角”。	虽然无奈却无法忽视，是因为赫萝一半是开玩笑，但仍有一半是真心。待在斯威奈尔参加庆典这几天，他们遇到了意想不到的人。原以为他们要直接抢温泉乡纽希拉的生意，使得众人议论纷纷，结果他们的真面目居然是非人之人，而且既不是鸟也不是兔子或羊，偏偏是狼。	赫萝	0.55	赫萝			
1_58	狼与羊毛刷	1	58	action	心理-自指	赫萝	竟然还装傻。 ‖ “真是的……” ‖ 虽然无奈却无法忽视，是因为赫萝一半是开玩笑，但仍有一半是真心。待在斯威奈尔参加庆典这几天，他们遇到了意想不到的人。原以为他们要直接抢温泉乡纽希拉的生意，使得众人议论纷纷，结果他们的真面目居然是非人之人，而且既不是鸟也不是兔子或羊，偏偏是狼。 ‖ ►他们原本在南方以当佣兵维生，后来偶然得到一张许可证，想在那块土地打造一个温泉乡以安身立命。或许是预料中事吧，这张许可证引起了一些麻烦事，最后是由罗伦斯协助他们解决问题。 ‖ 但就在以为事情圆满结束后，罗伦斯才想起自己为刻划这圆而割去的“角”。 ‖ 他们之中的一个，无论如何都不能住在那里。	他们原本在南方以当佣兵维生，后来偶然得到一张许可证，想在那块土地打造一个温泉乡以安身立命。或许是预料中事吧，这张许可证引起了一些麻烦事，最后是由罗伦斯协助他们解决问题。	罗伦斯	0.55	罗伦斯			
2_15	狼与羊毛刷	2	15	dialogue	unmarked	罗伦斯	自称霍拉多的牧羊人脸上皱纹颇深，看来年纪不小，这样扛着狗感觉特别奇怪。 ‖ “我是旅……咳咳，我是克拉福‧罗伦斯，在纽希拉开温泉旅馆！有什么事吗！” ‖ 为了不让羊叫声盖过我的声音，我也扯开喉咙喊话，而霍拉多似乎得到答复就已十分感激，深深颔首。 ‖ ►“能在这遇到罗伦斯先生您，实在是神的恩典啊！如果您愿意可怜我，可以请您送我到斯威奈尔一程吗！” ‖ 这么说完，霍拉多晃晃身子，调整肩上牧羊犬的位置。牧羊犬虽乖乖让他背着，眼睛却毫不松懈地盯着羊群。 ‖ “我们刚离开斯威奈尔，正要往北走呢！”	能在这遇到罗伦斯先生您，实在是神的恩典啊！如果您愿意可怜我，可以请您送我到斯威奈尔一程吗！	罗伦斯	0.40	罗伦斯			
2_58	狼与羊毛刷	2	58	dialogue	anaphoric	罗伦斯	“我想起有一个旧识住在那里！” ‖ 霍拉多这么说，遥指罗伦斯背后。 ‖ 该不会这是圈套，已经有山贼绕到背后，准备夹击吧。这想法使罗伦斯背脊一凉，不过赫萝不会没察觉。家里最强的看门狼，正在毛毯下按著耳朵嘟嘴闹情绪。 ‖ ►“我认识烧炭场的炭工，这时候他应该在那里！我把伙伴交给他照顾就好了！所以想请您帮我看一下羊！” ‖ 无论牧羊人技术再怎么好，带这么大群的羊进森林肯定不会平安无事。不如就替它看个羊，这样或许还来得及在日落前赶到下一间旅舍。 ‖ “就这么办吧！”	我认识烧炭场的炭工，这时候他应该在那里！我把伙伴交给他照顾就好了！所以想请您帮我看一下羊！	罗伦斯	0.55	罗伦斯			
1_0	狼与花瓣香	1	0	action	物理	赫萝	►天天扫的房间角落都会积灰尘了，一搁就好几年的仓库没有不脏的道理。罗伦斯进仓库是为了找村里活动临时急需的石磨，但怎么翻也找不着。 ‖ “奇怪了……我不可能丢掉，汉娜小姐也没拿去用，应该是在这里才对啊。” ‖ 罗伦斯挺直腰搔搔头，暂时离开灰尘弥漫的仓库换口气。	天天扫的房间角落都会积灰尘了，一搁就好几年的仓库没有不脏的道理。罗伦斯进仓库是为了找村里活动临时急需的石磨，但怎么翻也找不着。	罗伦斯	0.55	罗伦斯			
1_52	狼与花瓣香	1	52	dialogue	anaphoric	赫萝	罗伦斯原想问那是什么意思，但也跟着注意到了。 ‖ 且嘴角不自禁地上扬。当然，那是苦笑。 ‖ “对喔，我想起来了。” ‖ ►“这小瓶子是咱们以前旅行途中弄来的呗。缪里之前不是在这里发现它，然后好奇心又发作，缠着咱问了半天吗？” ‖ 说着，赫萝扭动瓶栓。 ‖ 记忆的封盖就此开启。	这小瓶子是咱们以前旅行途中弄来的呗。缪里之前不是在这里发现它，然后好奇心又发作，缠着咱问了半天吗？	赫萝	0.55	赫萝			
2_8	狼与花瓣香	2	8	action	心理-推测	罗伦斯	而原因，他不是不晓得。 ‖ “我不是解释过了吗。” ‖ 罗伦斯手握缰绳，头也不回地说。 ‖ ►在这个风里仍有寒意，日照一天比一天强的初春之际，两人在长满长草的草原路上前进。从气氛就感觉得出来，后边货台上的赫萝正在生闷气，尾巴多半也被怒气吹胀了。叹息，不是因为赫萝的脾气。 ‖ “我也很想往西走啊。都已经流浪三周了，如果有个地方能砸钱睡塞满羊毛的床，葡萄酒喝个够，然后睡到自然醒，一边吃午餐一边从窗口欣赏底下的热闹大街，那该有多好。” ‖ 可是在丁字路上，罗伦斯的马车却向东转了。	在这个风里仍有寒意，日照一天比一天强的初春之际，两人在长满长草的草原路上前进。从气氛就感觉得出来，后边货台上的赫萝正在生闷气，尾巴多半也被怒气吹胀了。叹息，不是因为赫萝的脾气。	罗伦斯	0.40	罗伦斯	赫萝		
2_9	狼与花瓣香	2	9	dialogue	anaphoric	罗伦斯	“我不是解释过了吗。” ‖ 罗伦斯手握缰绳，头也不回地说。 ‖ 在这个风里仍有寒意，日照一天比一天强的初春之际，两人在长满长草的草原路上前进。从气氛就感觉得出来，后边货台上的赫萝正在生闷气，尾巴多半也被怒气吹胀了。叹息，不是因为赫萝的脾气。 ‖ ►“我也很想往西走啊。都已经流浪三周了，如果有个地方能砸钱睡塞满羊毛的床，葡萄酒喝个够，然后睡到自然醒，一边吃午餐一边从窗口欣赏底下的热闹大街，那该有多好。” ‖ 可是在丁字路上，罗伦斯的马车却向东转了。 ‖ 因为罗伦斯是个旅行商人，而顾客在东边。	我也很想往西走啊。都已经流浪三周了，如果有个地方能砸钱睡塞满羊毛的床，葡萄酒喝个够，然后睡到自然醒，一边吃午餐一边从窗口欣赏底下的热闹大街，那该有多好。	罗伦斯	0.55	罗伦斯			
2_16	狼与花瓣香	2	16	dialogue	anaphoric	罗伦斯	“是啊是啊，我最爱的就是金币。噢，黄澄澄的卢米欧尼金币！” ‖ 罗伦斯刻意扯开喉咙回话，背后跟着传来赫萝的低吼。 ‖ 她应该也明白这是迫于无奈，但问题就出在让她起了能找个城镇歇脚的期待吧。 ‖ ►“不过，这次是关照了我好多年的修道院长特地求我，我怎么能不去呢？说是有个可怜羔羊从小因为家里问题被送进修道院，又突然被叫回去接领主宝座，求我行行好帮点忙照顾他耶。这个新手领主对俗世之事应该是一窍不通，正为分不清天南地北而直发愁，这可是接近权势，立下大功的好时机啊！只要是商人都该去，不去的……不配作商人！” ‖ 虽然经过多次冒险，罗伦斯已承诺赫萝不再接高风险的大生意，不过这可是低风险又有大甜头的难得机会。 ‖ 若只付出牺牲休息与路途遥远的代价就能获得一个领主好友，绝对是有利无弊。	不过，这次是关照了我好多年的修道院长特地求我，我怎么能不去呢？说是有个可怜羔羊从小因为家里问题被送进修道院，又突然被叫回去接领主宝座，求我行行好帮点忙照顾他耶。这个新手领主对俗世之事应该是一窍不通，正为分不清天南地北而直发愁，这可是接近权势，立下大功的好时机啊！只要是商人都该去，不去的……不配作商人！	罗伦斯	0.55	罗伦斯			
2_21	狼与花瓣香	2	21	action	心理-推测	罗伦斯	若只付出牺牲休息与路途遥远的代价就能获得一个领主好友，绝对是有利无弊。 ‖ 赫萝道理上应该可以接受，只是表情不太情愿，但罗伦斯却兴奋得忘了适时收口。 ‖ “汝啊。” ‖ ►赫萝低声说话，表示她真的发火了。要是不顾她的感受继续赶路，恐怕会气得睡觉时不把温暖的尾巴放进被子里给罗伦斯抱。 ‖ 尽管已经入春，打野宿还是冷得很。 ‖ “好啦，我知道，知道知道。我会好好补偿你的啦。”	赫萝低声说话，表示她真的发火了。要是不顾她的感受继续赶路，恐怕会气得睡觉时不把温暖的尾巴放进被子里给罗伦斯抱。	罗伦斯	0.40	罗伦斯	赫萝		
1_1	狼与蓝色的梦	1	1	action	物理	赫萝	当天空的蓝色愈发浓郁，森林中溢满新绿的香味时，一年近半时间被积雪覆盖的，深山中的温泉乡纽希拉也终于迎来了夏天。 ‖ ►温泉旅店狼与香辛料的主人罗伦斯将夏日气息满满吸入胸中，又从另一点感受到夏季真的来了。 ‖ “……真是的。” ‖ 事情发生在他回到卧房，去取记账用的墨水时。罗伦斯打开门，然后发出无奈的叹息。	温泉旅店狼与香辛料的主人罗伦斯将夏日气息满满吸入胸中，又从另一点感受到夏季真的来了。	赫萝	0.55	赫萝			
1_8	狼与蓝色的梦	1	8	action	心理-推测	赫萝	这个季节，打开木窗就有凉风拂过面颊，小鸟的啁啾鸣声又搔得人耳痒痒的。要是再望着湛蓝天空中漂浮的云朵，就真成了无上的奢侈享受。 ‖ 眼下赫萝如同懒惰的猫咪一样仰面朝天半张着嘴。她的右手放在肚上，随着一呼一吸而上下。 ‖ 罗伦斯又盯着看了一会儿，那只手忽然动起来挠了挠，引得他不禁露出苦笑。 ‖ ►躺在床上的人怎么看都是个十几岁年纪的少女，而青春年少的女孩摆出这副模样实在是不像样子——罗伦斯很想这么说。遗憾的是赫萝并非如看上去般年轻，甚至连少女都不是。她的真身是寄宿在麦粒中，司长其丰收，体形大到令人仰望的巨狼。 ‖ 因此，她的头上还有与发丝一样颜色，被亚麻色绒毛覆盖的兽耳，腰间则是一条毛茸茸的大尾巴。这条尾巴被她日日精心打理，现在正随着吹进木窗的凉爽夏风而左摇右摆。 ‖ 狼的特征不止耳朵和尾巴，还体现在她的睡相上。	躺在床上的人怎么看都是个十几岁年纪的少女，而青春年少的女孩摆出这副模样实在是不像样子——罗伦斯很想这么说。遗憾的是赫萝并非如看上去般年轻，甚至连少女都不是。她的真身是寄宿在麦粒中，司长其丰收，体形大到令人仰望的巨狼。	赫萝	0.40	赫萝	罗伦斯		
1_28	狼与蓝色的梦	1	28	action	心理-推测	赫萝	强烈的酸味激得她立刻跳了起来。 ‖ “唔、嗯咕……唔嗯。是、是啥呀！？” ‖ 赫萝正慌忙地抚着胸口。她似乎是醒来时无意识地把整颗果子都吞了下去。 ‖ ►欣赏完她的慌乱模样，罗伦斯将赫萝喝到一半的麦酒递给她。赫萝刚要接过杯子一饮而尽，似乎才终于明白了事情的始末。桌上的醋栗，坐在床边面露笑容的罗伦斯，要把这些联系在一起并不难。 ‖ 带着一丝赤红的琥珀色双眼立刻闪起愤怒的色彩。 ‖ “……汝这个……大笨驴！”	欣赏完她的慌乱模样，罗伦斯将赫萝喝到一半的麦酒递给她。赫萝刚要接过杯子一饮而尽，似乎才终于明白了事情的始末。桌上的醋栗，坐在床边面露笑容的罗伦斯，要把这些联系在一起并不难。	赫萝	0.40	赫萝	罗伦斯		
2_10	狼与蓝色的梦	2	10	dialogue	anaphoric	赫萝	她好像终于回忆起来了。 ‖ 这张摊开的地图上记着各种各样的记号，有一部分还被酒打湿过。 ‖ 这是罗伦斯和赫萝决定在这纽希拉开店之前，用来考虑详细开店位置的地图。换句话说，这是他们在北境寻找自己居所时用到的藏宝图。 ‖ ►“藏宝图在找到宝藏后就没用了，咱都忘了还有这回事。也就只有缪莉那丫头偶尔还会翻出来看看吧。” ‖ 罗伦斯用手巾给赫萝擦鼻子时，她摇着尾巴这样说道。 ‖ “所以，汝要干啥呀？ 难不成，打算开分店？”	藏宝图在找到宝藏后就没用了，咱都忘了还有这回事。也就只有缪莉那丫头偶尔还会翻出来看看吧。	罗伦斯	0.55	罗伦斯			
2_24	狼与蓝色的梦	2	24	dialogue	anaphoric	赫萝	“是有那么回事……可是，为啥呀。这地方也没路。” ‖ 罗伦斯画出的那条线，将温泉乡纽希拉和另一片土地连接了起来。 ‖ 那里只有一栋建筑物。而且，曾经差点被纽希拉当作是自己的竞争对手。 ‖ ►“我知道的。所以才要开出一条来。不过，你肯定知道哪些地方好走，哪些地方不好走吧？ 而且还有一点，” ‖ 罗伦斯指着赫萝的耳朵。 ‖ “森林里的那些家伙，肯定也有些地盘是不想让人类踏入的。”	我知道的。所以才要开出一条来。不过，你肯定知道哪些地方好走，哪些地方不好走吧？ 而且还有一点，	罗伦斯	0.55	罗伦斯			
2_31	狼与蓝色的梦	2	31	dialogue	anaphoric	赫萝	那双略带红色的眼睛瞪着罗伦斯，就像是在说“汝怎么净揽这些麻烦差事”一样。 ‖ “汝怎么净揽这些麻烦差事。” ‖ 结果赫萝嘴里说出的和预想一字不差，罗伦斯苦笑着耸了耸肩。 ‖ ►“这不就是那啥吗，去向赛莉姆和她兄弟们建起的那间旅舍的路？ 这样真的没问题呗？ 咱记得他们还算是村子的竞争对手来着。” ‖ 赛莉姆是在店里工作的年轻姑娘，她是赫萝的同族，并非人类，而是狼的化身。和兄弟伙伴们一起从南方前来，到这里寻找自己的安居之所，一番迂回曲折之后，赛莉姆到了狼与香辛料店里工作，她的兄长阿兰以及其他人则不得不与她分开，在纽希拉西方的山脉后扮作修道士，经营着一家“由圣徒的奇迹创造”的旅舍。 ‖ 阿兰等人在那里建立居所的传闻，还有纽希拉的旅店主人们以为竞争对手出现，因而如临大敌的事情，罗伦斯还历历在目。	这不就是那啥吗，去向赛莉姆和她兄弟们建起的那间旅舍的路？ 这样真的没问题呗？ 咱记得他们还算是村子的竞争对手来着。	赫萝	0.55	赫萝			
1_2	狼与蜜渍桃子	1	2	action	物理	赫萝	即使只是中小规模的城镇，依该城镇是否为贸易重镇的不同，停留该地的乐趣也会有很大的变化。 ‖ 这附近有高山和森林，并且拥有从高山流下的清澈河川以及肥沃土壤，带来丰硕的农产品。 ‖ ►农作物的收成好就能够卖得好价钱，以好价钱卖出农作物就能够过好日子，日子过得好就能够栽种出更好的农作物。 ‖ 一个具有这般良好循环的模范城镇，就算到了现在这个寒冷冬季，也会有各式各样满满的商品。而前来采买这些商品的商人，或是旅途中前来补给的旅人，以及以这些人为对象而前来展露才艺的旅行艺人或传教士等人，会将城镇挤得水泄不通。 ‖ 设立市场的城镇中心会因为这些人的充沛活力而鼎沸不绝，其周边地区则是充满支撑城镇生活的人们喧哗声。	农作物的收成好就能够卖得好价钱，以好价钱卖出农作物就能够过好日子，日子过得好就能够栽种出更好的农作物。	赫萝	0.30	赫萝			
1_11	狼与蜜渍桃子	1	11	action	心理-推测	赫萝	或许是觉得每经过一家摊贩就要开口讨东西很烦，同坐在驾座上的赫萝从方才就一直抓着罗伦斯的衣袖不放。 ‖ “兔子……鲶鱼……烤栗子……香肠……” ‖ 赫萝像个刚学会说话的小孩子一样，喃喃说出印入眼帘的食物，不愧是朝气蓬勃的城镇摊贩，商品种类应有富有，如果给了赫萝一枚金币，肯定不到三天时间就会花个精光。 ‖ ►因为马路拥挤，使得罗伦斯无法东张西望，但多亏赫萝的喃喃自语，让他能够大致掌握到城镇里有哪些商品。或许是距离海洋较远，城镇里似乎没有什么水果；相反地，肉类却是相当丰富。罗伦斯才发现赫萝特别用力地拉了一下衣袖，看见两人路过的一家摊贩正在屋檐下烤着肥滋滋的全猪。 ‖ 烤全猪是用铁串将猪只从嘴巴穿至肛门，并且放在火堆上不停转动，每转动一圈，就抹上一层油，然后费工夫慢慢烧烤的佳肴。看似店老板的男子每转动铁串一次就抹一次油，在这般寒冷气候下，男子赤裸着上半身仍流了满身大汗，男子四周围绕着一群咬着手指头的小孩子，还有看见声势浩大的料理场面，而停下脚步观赏的旅人。 ‖ “……一次就好，咱也好想吃吃看那料理……”	因为马路拥挤，使得罗伦斯无法东张西望，但多亏赫萝的喃喃自语，让他能够大致掌握到城镇里有哪些商品。或许是距离海洋较远，城镇里似乎没有什么水果；相反地，肉类却是相当丰富。罗伦斯才发现赫萝特别用力地拉了一下衣袖，看见两人路过的一家摊贩正在屋檐下烤着肥滋滋的全猪。	赫萝	0.40	赫萝	罗伦斯		
1_40	狼与蜜渍桃子	1	40	dialogue	unmarked	赫萝	赫萝一副仿佛在说“汝总算察觉到了”的模样展露笑颜，并做出微微倾头的动作。 ‖ “原来你想吃猪皮啊？” ‖ “……嗯？” ‖ ►“如果是烤乳猪，猪皮确实少了一点。不过，原来是烤得酥脆的猪皮啊……猪皮真的是很奢侈的料理喔。那表面脆脆的，和肉一起咬下去的时候，油脂还会在口中蔓延开来，要是撒多一点盐巴上去，更是好吃得没话……喂！” ‖ “呼！” ‖ 赫萝原本露出陶醉眼神聆听着，她急忙擦了一下嘴角，然后别过脸去。在度过只有干面包和硬邦邦的肉干，以及蒜头和醋渍高丽菜相陪的粗食生活后，聆听这般话题简直是一种罪恶深重的行为。	如果是烤乳猪，猪皮确实少了一点。不过，原来是烤得酥脆的猪皮啊……猪皮真的是很奢侈的料理喔。那表面脆脆的，和肉一起咬下去的时候，油脂还会在口中蔓延开来，要是撒多一点盐巴上去，更是好吃得没话……喂！	赫萝	0.40	赫萝			
1_43	狼与蜜渍桃子	1	43	action	心理-推测	赫萝	“如果是烤乳猪，猪皮确实少了一点。不过，原来是烤得酥脆的猪皮啊……猪皮真的是很奢侈的料理喔。那表面脆脆的，和肉一起咬下去的时候，油脂还会在口中蔓延开来，要是撒多一点盐巴上去，更是好吃得没话……喂！” ‖ “呼！” ‖ 赫萝原本露出陶醉眼神聆听着，她急忙擦了一下嘴角，然后别过脸去。在度过只有干面包和硬邦邦的肉干，以及蒜头和醋渍高丽菜相陪的粗食生活后，聆听这般话题简直是一种罪恶深重的行为。 ‖ ►不过，赫萝咳了两、三声后，一副想要擦去污点般的模样擦拭嘴角。看见赫萝这般模样，罗伦斯知道自己似乎猜错了。 ‖ 而且，赫萝在兜帽底下的表情显得非常不满。 ‖ “怎样？你不是这个意思啊？”	不过，赫萝咳了两、三声后，一副想要擦去污点般的模样擦拭嘴角。看见赫萝这般模样，罗伦斯知道自己似乎猜错了。	赫萝	0.40	赫萝	罗伦斯		
1_49	狼与蜜渍桃子	1	49	dialogue	unmarked	赫萝	“根本不是。不过……” ‖ 说着，赫萝再擦了一次嘴角，然后压低下巴接着说： ‖ “猪皮听起来也不错……” ‖ ►“如果不买烤全猪，就吃不到猪皮，但是两个人点烤全猪来吃的话，肉太多又太可惜，不过，听说贵族只吃猪皮，把猪肉全丢掉就是了。” ‖ “这样啊。” ‖ 每次提到食物的话题时，赫萝总是一脸认真。	如果不买烤全猪，就吃不到猪皮，但是两个人点烤全猪来吃的话，肉太多又太可惜，不过，听说贵族只吃猪皮，把猪肉全丢掉就是了。	赫萝	0.40	赫萝			
2_35	狼与蜜渍桃子	2	35	dialogue	unmarked	罗伦斯	匆然传来定在马车旁的人们说话声。 ‖ 因为街上拥挤不堪，马车和徒步差不了多少速度，所以就算罗伦斯没有刻意偷听，自然也会听见对方的对话。从对方脸部跟手臂部沾着白色粉末的模样，不难猜出他们是正在午休的面包师博。 ‖ 面包师傅似乎在讨论这条街上的某家商店。 ‖ ►“喔，你是说欧姆商行的小老板说的那东西啊？不过，没想到师父还真的接下了那家伙的订单。竟然要求把那种东西放在我们烤出来的面包上，那家伙是瞧不起我们还是怎样？” ‖ “别这么说嘛。毕竟他会支付破天价的工钱，还会跟我们买很多最顶级的小麦面包。你偶尔也会想揉一揉百分之百纯小麦的面团吧？” ‖ “是这样没错啦……可是……”	喔，你是说欧姆商行的小老板说的那东西啊？不过，没想到师父还真的接下了那家伙的订单。竟然要求把那种东西放在我们烤出来的面包上，那家伙是瞧不起我们还是怎样？	赫萝	0.40	赫萝			
1_3	狼与轻咬的牙	1	3	action	物理	缪里	待大地冰释雪融，迎春庆典也结束后，新绿时节终于到来。 ‖ 这样的时候，距离夏季避暑客来到还有段时间，与年中最喧嚣狂乱的冬季也十分遥远。村中屋舍为下个季节所作的修缮与改建都告一段落，每间温泉旅馆都是静悄悄地。 ‖ 我所服务的温泉旅馆“狼与辛香料亭”也不例外。今天没有客人，老板罗伦斯又出门参加村民会议，老板娘赫萝也难得跟去了。大概因为那是以会议为名义的酒席，今年春天状况也不错，有很多好菜能吃的缘故吧。掌管厨房的女子──汉娜也上山采鲜菇野菜去了，家里空无一人。待晨间工作结束后，直到中午我都无事可干。 ‖ ►平常这时候，我是应该捧起神学书研读神的教诲。不过今天特别闲，又有一大池温泉晾在那里，我便在享用汉娜留下的午餐前放松一会儿。泡在无人的池子里，在蓝天下喘一口气。这样的时光是那么地闲适、清静。 ‖ 一旁摆着我最近开始喝的蜂蜜甜酒。和著罪恶感啜饮一口，仰头见到一整片优美的蓝天。 ‖ 感觉上，我此生已经别无所求。过这样的生活，能比翻阅神学书更快找到神所说的幸福。	平常这时候，我是应该捧起神学书研读神的教诲。不过今天特别闲，又有一大池温泉晾在那里，我便在享用汉娜留下的午餐前放松一会儿。泡在无人的池子里，在蓝天下喘一口气。这样的时光是那么地闲适、清静。	缪里	0.30	缪里			
2_25	狼与轻咬的牙	2	25	dialogue	anaphoric	缪里	“嗯。啊，汝顺便去厨房给葡萄干泡水。” ‖ “葡萄干？” ‖ 转过头，见到赫萝眼睛闪闪发亮，尾巴也摇来摇去。 ‖ ►“好像是某个去过南方的人带回来的，也分了咱们一点。直接吃就很香甜了，不过听说用足以盖过葡萄干的水泡上一晚，再拿那些水和面，能烤出很香很甜的面包喔。” ‖ 说到食物，赫萝比缪里更像小孩。 ‖ 但是，葡萄干面包听起来的确很好吃。	好像是某个去过南方的人带回来的，也分了咱们一点。直接吃就很香甜了，不过听说用足以盖过葡萄干的水泡上一晚，再拿那些水和面，能烤出很香很甜的面包喔。	赫萝	0.55	赫萝			
2_38	狼与轻咬的牙	2	38	action	心理-推测	缪里	然而我找不到赫萝所说的葡萄干。说不定罗伦斯会拿葡萄干为饵，让缪里乖乖劈柴。这么想的我来到堆柴处看看情况。星月照耀的空地上，老板罗伦斯倚著堆积如山的原木睡着了。 ‖ “……罗伦斯先生。” ‖ 我无奈的呢喃，而他跟着“嗯咕”一声，随即继续发出轻细的鼻息。虽然他的外表和我们初识时一样年轻，却时常自嘲酒力一年比一年差，看来并没有夸张。 ‖ ►此外，到处都没有缪里的影子。罗伦斯身上的毛毯应该是缪里盖的吧。当然，那是女儿对父亲的贴心之举……就好了，不过她丢下劈柴工作偷溜，那多半是怕罗伦斯会发脾气才盖的。 ‖ 或许是父亲的悲哀吧，他不曾严厉责骂女儿缪里。 ‖ “到底跑哪里去啦。”	此外，到处都没有缪里的影子。罗伦斯身上的毛毯应该是缪里盖的吧。当然，那是女儿对父亲的贴心之举……就好了，不过她丢下劈柴工作偷溜，那多半是怕罗伦斯会发脾气才盖的。	缪里	0.40	缪里	罗伦斯		
2_79	狼与轻咬的牙	2	79	action	心理-推测	缪里	“那个？那个啊，是因为它们想吃这个葡萄干，所以我叫它们比赛，赢的才能吃。” ‖ “……比赛？” ‖ “嗯。不可以咬也不可以抓，因为受伤很危险嘛。先掉下水里的就算输。” ‖ ►狼的化身赫萝，以及继承她血统的缪里似乎能与森林中的野兽对话，就像童话一样，而缪里则是为这童话注满了堪称残酷的天真。 ‖ “问、问题是，如果那两头熊打起来……” ‖ 那座中岛是应罗伦斯强烈要求而建，好让乐师能够优雅地在池中央演奏。当初我也帮忙搬运那些石头，不折不扣是汗水与辛劳的结晶。然而那当然只考虑到负载人的重量，在两头熊互瞪着转来转去，寻找对方破绽时，边缘部分已经开始崩塌了。要是真的打起来，结果显而易见。	狼的化身赫萝，以及继承她血统的缪里似乎能与森林中的野兽对话，就像童话一样，而缪里则是为这童话注满了堪称残酷的天真。	缪里	0.40	缪里	赫萝		
3_46	狼与轻咬的牙	3	46	dialogue	anaphoric	缪里	“……” ‖ 我咳嗽著往缪里看，只见她脸颊抹上泥痕，头顶还沾了蜘蛛网，裸露的上臂像是被虻群螫过，到处是虫咬的痕迹。 ‖ 还来不及问她上哪去做了什么，乐得像看到球丢出去的缪里因为太兴奋，使得平时藏起的兽耳尾巴都弹了出来，唏哩哗啦地说： ‖ ►“就是啊！我在森林里找到很厉害的东西喔！大哥哥一定会吓一跳！所以呀，那个，我们马上去森林把大哥哥──” ‖ 当她说到这里。 ‖ 我发现我的忍耐和浴池一样，也有极限。	就是啊！我在森林里找到很厉害的东西喔！大哥哥一定会吓一跳！所以呀，那个，我们马上去森林把大哥哥──	缪里	0.55	缪里			
3_104	狼与轻咬的牙	3	104	dialogue	anaphoric	缪里	她出来不是叫我吃午餐，而是要问这件事吧。 ‖ “呃，那是因为──” ‖ 我想说我让缪里哭并不是无缘无故，但赫萝却无奈一笑，戏谑地伸出食指点在我胸口上。 ‖ ►“咱都知道。熊照缪里说的话做，结果弄坏了中岛；汝等忙着重建，结果她自己却往山上跑。连敦厚公正的汝也会发脾气，也是情有可原呗。” ‖ 既然她都知道，为何仍用替缪里说话的语气呢？ ‖ 在这温泉旅馆中，赫萝是对缪里管教最严格、最不留情面的人。唯有赫萝的要求，缪里一句也不敢违背。问题就是，权威这么高的赫萝很少教训她。虽然狼或许就是那样教孩子，不过有时不得不替她着急。	咱都知道。熊照缪里说的话做，结果弄坏了中岛；汝等忙着重建，结果她自己却往山上跑。连敦厚公正的汝也会发脾气，也是情有可原呗。	缪里	0.55	缪里			
1_3	狼与辛香料的回忆	1	3	action	物理	缪里	天气真好。 ‖ 在冬季，这样的晴天代表夜晚特别冷，可是现在气温一天比一天暖，舒服极了。穿着厚衣晒太阳，不一会儿就一身薄汗，这种时候就要找遮荫避一避了。流连在阴影中的冬天冰凉凉地，令人很是畅快。某些地方土里还有霜柱，踩起来喀喀作响，为这时节提供一点小娱乐。 ‖ 于此舒爽天气中，咱在没有客人的温泉浴池边忙着铺草席。 ‖ ►刚从山里采回，到处沾附冰霜的野菜在草席上堆成小山。由于这种菜只吃顶端的嫩芽，要一个个摘下来放在篓子里。剩下的全部晒干，当作马或羊的饲料。嫩芽会与其他野菜、鸡骨和生姜炖成清汤，冬天只能吃腌鱼腌肉而弄坏身子的人喝了，都是赞不绝口。 ‖ 第一次尝试时，还以为是给兔子喝的汤。不过习惯之后，野菜的口感与鸡骨油脂的细微清甜却令人回味无穷。在寒意依然浓厚的夜里，喝这样的姜汤暖暖身子也不错，再加点比较烈的蒸馏酒就更完美了。糟糕，口水要流出来了。 ‖ 咱一边这么想，一边从右侧拿野菜摘取嫩芽放进篓子，剩下的往左边丢，然后不断重复。还有好多其他工作在等着呢。	刚从山里采回，到处沾附冰霜的野菜在草席上堆成小山。由于这种菜只吃顶端的嫩芽，要一个个摘下来放在篓子里。剩下的全部晒干，当作马或羊的饲料。嫩芽会与其他野菜、鸡骨和生姜炖成清汤，冬天只能吃腌鱼腌肉而弄坏身子的人喝了，都是赞不绝口。	缪里	0.30	缪里			
1_5	狼与辛香料的回忆	1	5	action	心理-自指	缪里	于此舒爽天气中，咱在没有客人的温泉浴池边忙着铺草席。 ‖ 刚从山里采回，到处沾附冰霜的野菜在草席上堆成小山。由于这种菜只吃顶端的嫩芽，要一个个摘下来放在篓子里。剩下的全部晒干，当作马或羊的饲料。嫩芽会与其他野菜、鸡骨和生姜炖成清汤，冬天只能吃腌鱼腌肉而弄坏身子的人喝了，都是赞不绝口。 ‖ 第一次尝试时，还以为是给兔子喝的汤。不过习惯之后，野菜的口感与鸡骨油脂的细微清甜却令人回味无穷。在寒意依然浓厚的夜里，喝这样的姜汤暖暖身子也不错，再加点比较烈的蒸馏酒就更完美了。糟糕，口水要流出来了。 ‖ ►咱一边这么想，一边从右侧拿野菜摘取嫩芽放进篓子，剩下的往左边丢，然后不断重复。还有好多其他工作在等着呢。 ‖ 或许是作业单调配上暖和的阳光，睡意一下子就来了。 ‖ 好几次昏昏沉沉地闭上眼，头跟着往下掉。接着揉揉眼睛，打个呵欠。	咱一边这么想，一边从右侧拿野菜摘取嫩芽放进篓子，剩下的往左边丢，然后不断重复。还有好多其他工作在等着呢。	缪里	0.30	缪里			
1_36	狼与辛香料的回忆	1	36	action	心理-自指	缪里	听瑟莉姆怯怯这么说，咱疑惑地查看全身，并在抬起手臂时发现了血味来源。 ‖ 一只又圆又胖，好像会晃出声的血蛭吊在咱手腕上。 ‖ “唔，是这家伙呗。” ‖ ►睡意与野菜上的结冻晨露，让咱完全没发现。真是个贪吃的东西，就像发现大餐的缪里一样，怎么也不肯松口。当咱想用手拔下固执的血蛭时，瑟莉姆制止了咱。 ‖ “赫萝小姐，不能拔。请等一下，我拿火来。” ‖ 瑟莉姆快步跑回旅馆。拿枝仍有余烬的木柴烤一下，血蛭马上就会掉了。	睡意与野菜上的结冻晨露，让咱完全没发现。真是个贪吃的东西，就像发现大餐的缪里一样，怎么也不肯松口。当咱想用手拔下固执的血蛭时，瑟莉姆制止了咱。	缪里	0.55	缪里			
2_33	狼与辛香料的回忆	2	33	dialogue	unmarked	缪里	“嗯。咱好久没对汝发脾气，还以为有机会了呐。” ‖ 头倚上伴侣的肩，伴侣脸上跟着明显冒出不敢领教的干笑。 ‖ “相安无事不是最好吗？” ‖ ►“肉或酒里加点胡椒这样的刺激，不是比较够味吗？缪里在的时候，咱要表现出贤妻良母的样子，可是现在她不在了嘛。” ‖ 脸颊蹭著伴侣的肩，尾巴沙沙地摇。 ‖ “真是的……”	肉或酒里加点胡椒这样的刺激，不是比较够味吗？缪里在的时候，咱要表现出贤妻良母的样子，可是现在她不在了嘛。	缪里	0.40	缪里			
2_44	狼与辛香料的回忆	2	44	dialogue	unmarked	缪里	咱的直觉说，也许伴侣拼命给客人写的这些信，并不是向他们来此过冬道谢，请他们夏季再来避暑。而是因为人手不足，请他们考虑其他旅馆。 ‖ 这间温泉旅馆不容易雇用新员工，无疑是咱这非人之人的关系。如果耳朵尾巴可以说藏就藏就好了，问题就是办不到。 ‖ 若说咱为此没有半点内疚，是骗人的。 ‖ ►“瑟莉姆真的很能干，现在才有办法开门，跟老爱恶作剧，没事就帮我们添一、两样工作的缪里不一样，应该能轻松很多吧。” ‖ “那只小笨驴真的是整天都在捣蛋，不晓得是像谁喔。” ‖ 咱叹息后，伴侣以心中有千言万语的眼神看过来。	瑟莉姆真的很能干，现在才有办法开门，跟老爱恶作剧，没事就帮我们添一、两样工作的缪里不一样，应该能轻松很多吧。	缪里	0.40	缪里			
2_50	狼与辛香料的回忆	2	50	dialogue	unmarked	缪里	冷眼瞪回去，他就像羊一样别开眼睛。 ‖ “可是她一走，旅馆也没以前那么热闹了，没关系吗？” ‖ 别过脸去的伴侣就此无力地垂下脑袋。 ‖ ►“这我也有想过。那些高阶圣职人员也都是寇尔小鬼在陪他们聊天，现在不晓得怎么办……往这里想的话，客人觉得魅力不如以往也是应该的吧。” ‖ “谁叫汝只会讲生意经喔。” ‖ “要是你想出来唱歌跳舞，我是不介意喔？”	这我也有想过。那些高阶圣职人员也都是寇尔小鬼在陪他们聊天，现在不晓得怎么办……往这里想的话，客人觉得魅力不如以往也是应该的吧。	缪里	0.40	缪里			
1_6	狼与金黄色的约定	1	6	action	物理	赫萝	他坐在车夫台上，这样幻想着，回忆起了多日未曾吃到的刚出炉面包的滋味，不禁咽了一口口水。 ‖ 他们离开镇子已经三天了，现在并不是怀念热气扑鼻的美味食物的时候。在以前，仅仅依靠发了霉、硬得像岩石的燕麦面包和一捧盐，他就可以翻山越岭。现在想想，旅途中有面包、葡萄酒，还有点别的什么，已经算是相当丰盛豪华的一餐了。想到此，罗伦斯不禁苦笑起来。 ‖ 不过，虽然他这样安慰自己，但最近的旅途中，开销确实有些过大了，于是罗伦斯的心情也随之变得有些不安了。 ‖ ►自从十八岁自立开始，到现在已经是行商之旅的第七个年头了，这也许将是人生中最波澜壮阔的旅程。 ‖ “鸡腿肉。” ‖ 不知是不是听到了罗伦斯的喉咙发出吞咽口水的声音，同样坐在车夫台上的旅伴这样说道。	自从十八岁自立开始，到现在已经是行商之旅的第七个年头了，这也许将是人生中最波澜壮阔的旅程。	赫萝	0.30	赫萝			
1_32	狼与金黄色的约定	1	32	dialogue	unmarked	赫萝	她的唇中，隐约潜藏着锐利的獠牙。 ‖ “虽然我没有生吃过，不过我觉得料理就应该花时间精心烹制。” ‖ “哦？” ‖ ►“拔掉羽毛，取出内脏，去掉骨头，放上香草一起蒸，和野菜一起煮，再把香料塞进去，用滚油把皮炸得酥脆，最后涂上香脂油烤……啊，口水都要流出来了。” ‖ “唔……嗯……” ‖ 这种最高级的鸡肉料理，罗伦斯也只是听说过而已，并没有吃过。	拔掉羽毛，取出内脏，去掉骨头，放上香草一起蒸，和野菜一起煮，再把香料塞进去，用滚油把皮炸得酥脆，最后涂上香脂油烤……啊，口水都要流出来了。	罗伦斯	0.40	罗伦斯			
1_49	狼与金黄色的约定	1	49	dialogue	unmarked	赫萝	罗伦斯再次轻咳一声，接着说道。 ‖ “就是把公鸡去势之后养大的鸡。” ‖ “哦……？那是什么……” ‖ ►“那样一来，肉质就会变得比母鸡还鲜美。既没有公鸡肉的坚硬感，也不会像母鸡那样被蛋夺走营养……你在干嘛？” ‖ “唔……” ‖ 赫萝故意移开目光，随后露出獠牙笑道。	那样一来，肉质就会变得比母鸡还鲜美。既没有公鸡肉的坚硬感，也不会像母鸡那样被蛋夺走营养……你在干嘛？	罗伦斯	0.40	罗伦斯			
1_68	狼与金黄色的约定	1	68	dialogue	anaphoric	赫萝	赫萝像扔开什么似的放开罗伦斯的耳朵，抱着手不悦地说道。 ‖ “哼，戏弄汝只是为了回敬而已。……咱可难受得要死呢。” ‖ 即使被戏弄算是扯平了，罗伦斯还是不能装作没听到她最后的那句话。 ‖ ►“我说，虽然粗糙了点，但我们的面包是小麦和黑麦混合烤制的，葡萄酒也是干净又解渴，有时候还能吃点奶酪啊，肉干或者葡萄什么的，已经够丰盛了。我以前可经常只带着大蒜和洋葱上路呢。这些对我来说，已经相当奢侈了。” ‖ 赫萝虽然总在某些奇怪的场合表现得或像孩子，或像野兽，但基本上，她的头脑是罗伦斯所不及的。 ‖ 她并不是个不明事理的人。	我说，虽然粗糙了点，但我们的面包是小麦和黑麦混合烤制的，葡萄酒也是干净又解渴，有时候还能吃点奶酪啊，肉干或者葡萄什么的，已经够丰盛了。我以前可经常只带着大蒜和洋葱上路呢。这些对我来说，已经相当奢侈了。	赫萝	0.55	赫萝			
1_79	狼与金黄色的约定	1	79	action	心理-推测	赫萝	回应她的话，自己就输了。 ‖ 不过，罗伦斯也明白，如果自己无视她，就会变成两人暗中较劲，而在那种状况下，先开口的毫无疑问还是自己。 ‖ 被对方知根知底，就是这种情况。 ‖ ►罗伦斯想，如果自己用更优雅的方式讲话的话，也许会使赫萝在旅途中更开心一些吧。但赫萝却并不买帐。 ‖ “好了，我知道啦。” ‖ “……知道什么？”	罗伦斯想，如果自己用更优雅的方式讲话的话，也许会使赫萝在旅途中更开心一些吧。但赫萝却并不买帐。	赫萝	0.40	赫萝	罗伦斯		
1_99	狼与金黄色的约定	1	99	action	心理-推测	赫萝	即便这样，他还是不得不面对这种麻烦的情况。 ‖ 最后，赫萝似乎明白了罗伦斯的提议是对自己开的玩笑的妥协，于是她冲罗伦斯笑了笑。 ‖ 真是狡猾，罗伦斯的内心这样呐喊道。 ‖ ►因为，看着赫萝那表情丰富的脸，如果罗伦斯不是已经经历了数年的独自旅行的话，恐怕也会像其他无数人一样被她欺骗吧。 ‖ “唔……不过呢，汝啊。” ‖ “什么？”	因为，看着赫萝那表情丰富的脸，如果罗伦斯不是已经经历了数年的独自旅行的话，恐怕也会像其他无数人一样被她欺骗吧。	赫萝	0.40	赫萝	罗伦斯		
1_3	狼与金黄色的麦穗	1	3	action	心理-自指	赫萝	(与罗伦斯相遇前，还住在村子里的丰收之神赫罗，在村民举行收获祭当天的见闻，回忆和感受。) ‖ 金黄色的麦穗在眼前左右摇摆。 ‖ 为了翻松厚实的土地，看似慵懒的牛马们拖着犁车，像一把巨大的梳子一样来回梳理著。 ‖ ►我很喜欢亲眼见证种子播撒进土壤这样的画面。或许受到这种风景的感染，我想起了那个时候所发生的事情。即使是现在，也依然清楚地记得。 ‖ 播种真是件辛苦的事情啊。那些被撒到尚未清理干净的石堆上的种子，那些被撒到僵硬的地表上的种子，以及那些好不容易撒到了松软的土地上，却又被小鸟们悄悄地啄食掉的种子——而我则是悠闲地注视着这样一幅风景画而已。 ‖ 然而时间并不会因此停止。嫩芽冒出来，没过多久，茎就长了出来，一转眼麦子就成形了。	我很喜欢亲眼见证种子播撒进土壤这样的画面。或许受到这种风景的感染，我想起了那个时候所发生的事情。即使是现在，也依然清楚地记得。	赫萝	0.35	赫萝			
1_7	狼与金黄色的麦穗	1	7	action	物理	赫萝	播种真是件辛苦的事情啊。那些被撒到尚未清理干净的石堆上的种子，那些被撒到僵硬的地表上的种子，以及那些好不容易撒到了松软的土地上，却又被小鸟们悄悄地啄食掉的种子——而我则是悠闲地注视着这样一幅风景画而已。 ‖ 然而时间并不会因此停止。嫩芽冒出来，没过多久，茎就长了出来，一转眼麦子就成形了。 ‖ 我闭上双眼，再慢慢睁开，然后仿佛审视着世界一般朝着远处眺望。 ‖ ►当然，在这短短的瞬间里，在成长的麦子和那些忘记拔去的杂草对面，人们挥舞著锄头，或是对着天空祈愿丰收的时刻，一刻都没有停止过。 ‖ 然而，在这个过程中，也因为水道堵塞或是逃跑的牛羊践踏，使得麦田一片荒芜而例外。 ‖ 而且，加上几乎防御不了虫子的侵袭，让这些惹人讨厌的小家伙变得更加恣意起来。就在刚才，当我正悠闲地午睡的时候，就有一只蝗虫掠过了我的鼻尖。	当然，在这短短的瞬间里，在成长的麦子和那些忘记拔去的杂草对面，人们挥舞著锄头，或是对着天空祈愿丰收的时刻，一刻都没有停止过。	赫萝	0.30	赫萝			
1_25	狼与金黄色的麦穗	1	25	action	心理-自指	赫萝	当然，这个小小的世界还是会有人类的孩子前来光临，村里的孩子会在这里捉迷藏。而令我烦恼的是每年都会发生一两次踩到我尾巴的情况，跌倒后放声大哭的孩子自然而然地妨碍了我安静的午睡。 ‖ 当然，就像人类无法像鱼一样在泥水中拥有良好的视线一样，他们在这个池子中能看到我的情况也少之又少。不过尽管如此，像这样被孩子踩中尾巴的事情偶尔也还是会发生的吧（笑）。 ‖ 不知不觉村外来的人越来越多了。 ‖ ►大概是他们已经感到疲惫不堪的缘故吧，饿到一定程度就无法感觉到饥饿，然后终于像瘫倒的稻草人一样躺在麦田里，只剩下睁着眼睛仰卧著的力气而已。 ‖ 就在这时，在他们意想不到的机遇中看到池中的世界——就像一道无论怎么考虑都苦于解答的难题，当你在放松的时候答案却自然可见一般，他们也渐渐注意到了。 ‖ 这感觉就像是做梦一样。	大概是他们已经感到疲惫不堪的缘故吧，饿到一定程度就无法感觉到饥饿，然后终于像瘫倒的稻草人一样躺在麦田里，只剩下睁着眼睛仰卧著的力气而已。	赫萝	0.30	赫萝			
2_1	狼与青草色的小路	2	1	action	物理	赫萝	整个事情，开始于一张地图。 ‖ ►当人们终于不再呵欠连连的时候——也就是太阳已经高挂天空的上午，驾驶着载货马车四处旅行的行商者罗伦斯终于厌倦了往返于一成不变的道路，少见地翻开了地图。 ‖ 这张地图是几年前和另外一张藏宝图——里面标记了一笔子虚乌有的财宝——用两张三文钱的价钱一起买来的。 ‖ 藏宝图是用劣质的纸做成的，现在已是一副支离破碎的样子，不过这张地图却是用羊皮纸做成的，十分结实，倒还颇具实用性。	当人们终于不再呵欠连连的时候——也就是太阳已经高挂天空的上午，驾驶着载货马车四处旅行的行商者罗伦斯终于厌倦了往返于一成不变的道路，少见地翻开了地图。	罗伦斯	0.55	罗伦斯			
2_18	狼与青草色的小路	2	18	dialogue	anaphoric	赫萝	他将视线投向通往森林的道路，想到在路的前方也许会有草原。 ‖ “哦，也就是在这条路的前面？” ‖ 罗伦斯重新将目光凝聚在眼前的地图上，对赫萝说明了情况。 ‖ ►“这片森林是被两条路包围在中间的。我们现在所在的这条路由于是连接着城镇和村庄的必经之路，有大量的牛群和羊群从这里通过，所以就变成了这么一副光秃秃的模样。不过，包围森林的另一条路，也就是森林的另一边应该有一大片丰茂的草原吧。” ‖ “丰茂的草原？” ‖ 赫萝一动也不动，只应了一声。	这片森林是被两条路包围在中间的。我们现在所在的这条路由于是连接着城镇和村庄的必经之路，有大量的牛群和羊群从这里通过，所以就变成了这么一副光秃秃的模样。不过，包围森林的另一条路，也就是森林的另一边应该有一大片丰茂的草原吧。	罗伦斯	0.55	罗伦斯			
3_16	狼与青草色的小路	3	16	dialogue	unmarked	罗伦斯	“如果不是大白天，而是清晨来就好了。” ‖ 拐弯之后，道路两旁的风景已不再迷人，只有大片的沼泽和恼人的树根，让人担心车轮不知道何时会被缠住。所以罗伦斯不用回头看，也能从她的语调猜到，酒精已经开始发挥作用了。 ‖ “为什么？” ‖ ►“唔，这片森林的地面上也堆积了不少了落叶吧？因为夜里的温度较低，落叶会吸收潮气变得湿润。天亮之后被清晨的阳光一照射，就会升腾起白色的雾气。这个时候深呼吸一下的话……” ‖ “对已经习惯于冬天干燥空气的肺部来说，再也没有比这种湿润的空气更好的东西了。” ‖ 罗伦斯接过话头继续说道，赫萝满意地点了点头。	唔，这片森林的地面上也堆积了不少了落叶吧？因为夜里的温度较低，落叶会吸收潮气变得湿润。天亮之后被清晨的阳光一照射，就会升腾起白色的雾气。这个时候深呼吸一下的话……	罗伦斯	0.40	罗伦斯			
3_19	狼与青草色的小路	3	19	dialogue	anaphoric	罗伦斯	“唔，这片森林的地面上也堆积了不少了落叶吧？因为夜里的温度较低，落叶会吸收潮气变得湿润。天亮之后被清晨的阳光一照射，就会升腾起白色的雾气。这个时候深呼吸一下的话……” ‖ “对已经习惯于冬天干燥空气的肺部来说，再也没有比这种湿润的空气更好的东西了。” ‖ 罗伦斯接过话头继续说道，赫萝满意地点了点头。 ‖ ►“不过中午时候来的话就是夏天的森林了。强烈的日光透过树枝照射到脸颊上，就像是被鸟儿的羽毛轻轻抚摸一样呐。” ‖ “可是，夏天的森林里蚊虫实在是太多了。” ‖ 罗伦斯也算是常年漂泊于旅途的人，对于森林在一年四季中的优点缺点还是很清楚的。	不过中午时候来的话就是夏天的森林了。强烈的日光透过树枝照射到脸颊上，就像是被鸟儿的羽毛轻轻抚摸一样呐。	罗伦斯	0.55	罗伦斯			
4_3	狼与青草色的小路	4	3	action	心理-推测	罗伦斯	罗伦斯抬起手臂，轻轻压在她的头上。赫萝立刻从喉咙深处发出了生气的呜呜声，不满地瞪着他。 ‖ “只要想到你到底喝了多少酒，应该就会‘面红耳赤’了吧。” ‖ “……咱才没有喝那么多。” ‖ ►赫萝是那种即使喝了酒也不会反应的体质，她看起来脸色十分正常，完全没有什么改变。 ‖ 不过，稍微有点在意罗伦斯旁敲侧击的抱怨，赫萝从他手臂下挣脱出来，使劲儿擦了擦脸。 ‖ “咱只是喜欢在阳光普照的草原小酌一杯，咱又没有喝那么多。”	赫萝是那种即使喝了酒也不会反应的体质，她看起来脸色十分正常，完全没有什么改变。	罗伦斯	0.40	罗伦斯	赫萝		
5_121	狼与青草色的小路	5	121	action	心理-推测	赫萝	不过，实在是没有想到，她睡着的时候会这么毫无防备。 ‖ 就算是捏捏她的鼻子也没有惊醒，说不定用手指戳一戳她那长着细细茸毛的耳朵也是毫无反应吧。 ‖ 看到如此单纯的睡脸，罗伦斯的内心里不禁涌起了报复的念头。 ‖ ►也许是神的旨意吧，就在这时，赫萝的身体突然一歪，向旁边倒去。罗伦斯赶快扶住她，却遭到了小小的反抗。 ‖ 我可是你的保护者啊，罗伦斯像是为了表明这一点，伸手揽住了赫萝细细的肩膀。 ‖ 然后，当他自己也打算闭上眼睛休息一会儿的时候，忽然听到赫萝小声说道：	也许是神的旨意吧，就在这时，赫萝的身体突然一歪，向旁边倒去。罗伦斯赶快扶住她，却遭到了小小的反抗。	赫萝	0.40	赫萝	罗伦斯		
1_1	狼与饴糖色的日常	1	1	action	心理-推测	赫萝	小村子里没有什么秘密可言，村民们互相都了解每个人的一切。从邻家昨天的晚饭，到暖炉打瞌睡的狗的身体状况，一切都是如此。这一点在纽希拉也不例外。 ‖ ►只是，罗伦斯往往忽视这方面的消息。这大概是因为唯独与自己相关的传言，他实在少有耳闻的缘故。 ‖ “赫萝” ‖ 晚饭后，温泉旅店“狼与香辛料”的主人罗伦斯一边剪着卧房的蜡烛芯，一边叫妻子的名字。	只是，罗伦斯往往忽视这方面的消息。这大概是因为唯独与自己相关的传言，他实在少有耳闻的缘故。	赫萝	0.40	赫萝	罗伦斯		
1_4	狼与饴糖色的日常	1	4	action	物理	赫萝	只是，罗伦斯往往忽视这方面的消息。这大概是因为唯独与自己相关的传言，他实在少有耳闻的缘故。 ‖ “赫萝” ‖ 晚饭后，温泉旅店“狼与香辛料”的主人罗伦斯一边剪着卧房的蜡烛芯，一边叫妻子的名字。 ‖ ►亚麻色的长发，娇小的肩膀，光滑而又没有一处粗糙或伤痕的漂亮指尖，这些都让她时常被误认作贵族的千金。再加上十五六岁的外表，第一次来店里住宿的客人中，甚至还有不少人把他们错当成新婚夫妇，并给予祝福。 ‖ 然而这副楚楚可怜的面貌不过是假象。赫萝的真面目是年龄高达数百岁，巨大到只能让人抬头仰望的狼。 ‖ 因此，被罗伦斯叫到了名字后，赫萝既没有带着喜悦立刻回头，也没有露出青涩又腼腆的笑容。她头上的耳朵机敏地动了两下，权当是作出了答应。	亚麻色的长发，娇小的肩膀，光滑而又没有一处粗糙或伤痕的漂亮指尖，这些都让她时常被误认作贵族的千金。再加上十五六岁的外表，第一次来店里住宿的客人中，甚至还有不少人把他们错当成新婚夫妇，并给予祝福。	赫萝	0.30	赫萝			
1_24	狼与饴糖色的日常	1	24	action	心理-推测	赫萝	这家店里的客人有不少都是地位尊崇的圣职者之类，每天要同文字打交道的人。 ‖ 罗伦斯向他们请教过保养眼睛的方法，例如把温热的湿毛巾敷在眼皮上。 ‖ “嗯~……” ‖ ►但赫萝没有给出一个明确的回答，她抓着罗伦斯的手按在自己的脖子上。大概是要罗伦斯接着揉那里。罗伦斯无可奈何地揉起来，她又毫无顾忌地将全身依靠在罗伦斯的手臂上，满足地摇起了尾巴。就算是这样不加掩饰的任性，只要能让赫萝高兴，罗伦斯还是会跟着开心起来，不由得顺着她的意思。 ‖ 但他又很快回过神，意识到至少今天有些牢骚是不得不对她发一发了。 ‖ ——有关桌上的这堆纸，纸上写满的字，以及赫萝对这项工作的痴迷。	但赫萝没有给出一个明确的回答，她抓着罗伦斯的手按在自己的脖子上。大概是要罗伦斯接着揉那里。罗伦斯无可奈何地揉起来，她又毫无顾忌地将全身依靠在罗伦斯的手臂上，满足地摇起了尾巴。就算是这样不加掩饰的任性，只要能让赫萝高兴，罗伦斯还是会跟着开心起来，不由得顺着她的意思。	赫萝	0.40	赫萝	罗伦斯		
1_57	狼与饴糖色的日常	1	57	dialogue	anaphoric	赫萝	在说明之前罗伦斯稍稍犹豫了一瞬间，可又觉得这没法搪塞。 ‖ “你看起来那么年轻，所以就有些下作的流言，说你在我这里满足不了了。” ‖ 赫萝还是一脸的讶异。 ‖ ►“年轻妻子嫁给比自己大得多的丈夫，而后有一天又决心住到修道院去，大抵不是因为晚上得不到满足而变心，就是为了离婚。” ‖ 赫萝那双望着自己的眼睛中没了平时的光彩。她的嘴唇像是想要说些什么，却在话语没有成形前就僵住了。 ‖ 罗伦斯默默地盯着赫萝。但这副模样在旁人看来，或许就变成了年轻的妻子因为自己的贞洁受到怀疑，继而内心深深受伤的情景。	年轻妻子嫁给比自己大得多的丈夫，而后有一天又决心住到修道院去，大抵不是因为晚上得不到满足而变心，就是为了离婚。	赫萝	0.55	赫萝			
1_69	狼与饴糖色的日常	1	69	dialogue	anaphoric	赫萝	“不过，任他们那么说去，不好呗？” ‖ 还是说汝不甘心得要死？ 赫萝罕见地用关切的语气加上了一句。 ‖ 罗伦斯隔了一会，才接着开口。 ‖ ►“咱们家是做生意的。年轻的妻子都逃了，到底谁还会来这种活鳏夫开的店里泡温泉？ 哪怕只是谣言，这也会影响客人对店里的印象。” ‖ 赫萝愣了一下，接着露出疲倦的笑容。 ‖ “确实呐。”	咱们家是做生意的。年轻的妻子都逃了，到底谁还会来这种活鳏夫开的店里泡温泉？ 哪怕只是谣言，这也会影响客人对店里的印象。	赫萝	0.55	赫萝			
1_74	狼与饴糖色的日常	1	74	dialogue	anaphoric	赫萝	“确实呐。” ‖ “而且，你也不能再这样大大咧咧的了。” ‖ “哎？” ‖ ►“这家店的招牌也是个响当当的财产。有人想把这块招牌据为己有，世上还有人对这种事最感兴趣。你只要一出去，马上就会有一堆说媒的涌进来要给我说亲——女方无外乎那种生活在哪个贫穷领地，过着清贫生活，性格又温顺的没落贵族千金之类。” ‖ 在这方面，赫萝的耳朵尖得能听清山里的老鼠打的每一个喷嚏，论吃醋和嫉妒，贵族家的女儿完全无法和她相比。 ‖ 光是想像一下那些瞄准旅店女主人之位，年轻又可爱的女孩接二连三涌上门的模样，罗伦斯就为自己的人身安全，以及赫萝的心情而捏了一把冷汗。	这家店的招牌也是个响当当的财产。有人想把这块招牌据为己有，世上还有人对这种事最感兴趣。你只要一出去，马上就会有一堆说媒的涌进来要给我说亲——女方无外乎那种生活在哪个贫穷领地，过着清贫生活，性格又温顺的没落贵族千金之类。	赫萝	0.55	赫萝			
1_6	狼与黄金色的约定	1	6	action	物理	罗伦斯	坐在马车赶车台上的罗伦斯这样想着，但当他回想起已经好几天没有吃过的刚出炉面包的香味时，不禁吞了吞口水。 ‖ 离开城市已经有三天了，早已过了会留恋温暖食物的时期。在以前的话罗伦斯光是一条撒了点盐的半发霉，硬邦邦的燕麦面包便能支撑自己翻过一座山头。这么一想，罗伦 ‖ 斯不禁觉得有面包和葡萄酒以及一份副菜的旅行餐点是多么的豪华。 ‖ ►但是，虽然罗伦斯不断的这样告诫自己，但因为最近的旅行荷包宽裕了不少，因此相应的精神也放松了下来。 ‖ 从十八岁独立开始，到今年已经是第七个年头的行商之旅或许对人生来说会成为豪华之旅。 ‖ 【鸡腿肉】	但是，虽然罗伦斯不断的这样告诫自己，但因为最近的旅行荷包宽裕了不少，因此相应的精神也放松了下来。	罗伦斯	0.55	罗伦斯			
1_22	狼与黄金色的约定	1	22	action	心理-推测	罗伦斯	听了罗伦斯的话后，旅行的伙伴微微的动了下耳朵。 ‖ 和尾巴同色威风凛凛的尖耳。 ‖ 长在一头宛如栗色水流般头发脑袋上的尖耳，怎么看也不像是人类的耳朵。 ‖ ►与罗伦斯坐在同一赶车台上，看上去只有十几岁的少女赫罗是位拥有狼耳与狼尾的非人存在，其真实身份是寄宿在麦粒中掌管丰收的巨狼。 ‖ 【比起公鸡咱更爱母鸡】 ‖ 【因为母鸡会下蛋】	与罗伦斯坐在同一赶车台上，看上去只有十几岁的少女赫罗是位拥有狼耳与狼尾的非人存在，其真实身份是寄宿在麦粒中掌管丰收的巨狼。	罗伦斯	0.40	罗伦斯	赫萝		
1_148	狼与黄金色的约定	1	148	action	心理-推测	罗伦斯	虽然青年敲打的很有气势，但被铁板包裹住的酒桶已经锈迹斑斑一副要散架的样子。 ‖ 而旁边的鸡却看起来又胖又精神，实在是奇妙的搭配。 ‖ 罗伦斯盘算著，伸手摸了摸自己下颚上的短须。 ‖ ►连一旁的赫萝都没着急催他把鸡买下，她大概也在考虑，为什么在这样一个荒僻的一个地方，会有一位不是旅行者的青年在做买卖呢。 ‖ “能让我尝尝啤酒的味道吗？” ‖ 在一阵沉吟之后，罗伦斯发话道。	连一旁的赫萝都没着急催他把鸡买下，她大概也在考虑，为什么在这样一个荒僻的一个地方，会有一位不是旅行者的青年在做买卖呢。	罗伦斯	0.40	罗伦斯	赫萝		
1_238	狼与黄金色的约定	1	238	dialogue	unmarked	罗伦斯	“这样啊……不管怎么说，我们这偏僻的小村也如您所见，行商人能光临这里实在是不胜荣幸呀。” ‖ 虽说头饺都是人做出来的，可是但凡担任村长的人，在他们的言行里似乎都有些共性。 ‖ 这位瘦小的基萨斯村村长深深地低下了头。 ‖ ►“我会来到这里一定是神明的引领吧。而且还承蒙您如此隆重的欢迎。虽然我只是为鄙陋的行商人，但我愿尽我所能为贵村尽一份绵力。” ‖ “那请您多多关照了。” ‖ 罗伦斯脸上自始至终保持着的笑容并不止是应酬。	我会来到这里一定是神明的引领吧。而且还承蒙您如此隆重的欢迎。虽然我只是为鄙陋的行商人，但我愿尽我所能为贵村尽一份绵力。	赫萝	0.40	赫萝			
1_245	狼与黄金色的约定	1	245	dialogue	unmarked	罗伦斯	“那么，感谢神明让我们相遇……” ‖ 伴着村长的祝辞，罗伦斯和赫萝捧起木制酒杯和村长碰杯。 ‖ “……啊呀，这啤酒可真好喝呢。” ‖ ►“实在是难以启齿。如果要对神致感谢致情的话，本来应该用葡萄酒才对。可是这儿葡萄树实在是种不下去…” ‖ “如果说葡萄酒是神酿之物的话，啤酒就是人力的结晶。贵村一定掌握着相当高明的酿酒良方吧。” ‖ 村长谦逊的摇了摇头，但难掩脸上的喜色。	实在是难以启齿。如果要对神致感谢致情的话，本来应该用葡萄酒才对。可是这儿葡萄树实在是种不下去…	罗伦斯	0.40	罗伦斯			
1_271	狼与黄金色的约定	1	271	dialogue	anaphoric	罗伦斯	“这里是括荒者们的村子。” ‖ 罗伦斯刚说完，赫萝便鹦鹉学舌般地重复了一遍， ‖ “括荒者？” ‖ ►“原因或有不同，但人们会移居到未开化的土地上，并在那儿建起新的村子或是城镇。有时也会有——不过很少很少，像这样在这种大陆新岛似的地方的村子的” ‖ 赫萝喝着啤酒，眼珠滴溜溜地转个不停。 ‖ “为啥要这么做呐？”	原因或有不同，但人们会移居到未开化的土地上，并在那儿建起新的村子或是城镇。有时也会有——不过很少很少，像这样在这种大陆新岛似的地方的村子的	赫萝	0.55	赫萝			
1_2	羊皮纸与涂鸦	1	2	action	心理-自指	缪里	在这个四处山艳如火，人人忙着备冬的季节。 ‖ 位处北地深山的温泉乡纽希拉，短暂夏日过后就只是等待冬天的到来。 ‖ ►风一天比一天冷，枯叶落地声不时在心中撩起一阵凄凉。有人将它比喻为忧郁，但我觉得那是种催眠曲，寂静冬季来临前打盹儿的时间。 ‖ 我并不讨厌这样的季节。 ‖ “罗伦斯先生，阿尔沃村的起司都送到地下仓库吗？”	风一天比一天冷，枯叶落地声不时在心中撩起一阵凄凉。有人将它比喻为忧郁，但我觉得那是种催眠曲，寂静冬季来临前打盹儿的时间。	缪里	0.30	缪里			
1_8	羊皮纸与涂鸦	1	8	dialogue	unmarked	缪里	“啊，不好意思啊，寇尔。随便堆一堆就好……怎么这么大？” ‖ 秋意深浓的这一天，纽希拉的温泉旅馆“狼与辛香料亭”正为了准备填满冬季泉疗客的肚子而忙得不可开交。仅有的两个男丁轮流扛回邻近聚落送来的物资，高堆的起司每个都是成人才抱得起来那么大。 ‖ “做得愈大，能吃的部位就愈多……是这样吗？” ‖ ►“因为外围的硬皮味道很糟，根本不能吃嘛。所以起司轮做得愈大，没用的部位比例自然就减少了……不过这个还真大。我看阿尔沃村村长不如直接到镇上开起司店算了，这样还比较赚吧。” ‖ 这些琥珀色泽的起司不仅外表晶亮，内容也饱满扎实。 ‖ “要做得这么大好像很不简单。一来不容易脱水，二来容易发霉。”	因为外围的硬皮味道很糟，根本不能吃嘛。所以起司轮做得愈大，没用的部位比例自然就减少了……不过这个还真大。我看阿尔沃村村长不如直接到镇上开起司店算了，这样还比较赚吧。	缪里	0.40	缪里			
1_13	羊皮纸与涂鸦	1	13	action	物理	缪里	“要做得这么大好像很不简单。一来不容易脱水，二来容易发霉。” ‖ “希望不会切开就发现里面全是霉……” ‖ “哈哈，那个村长是有专家自尊的人，不会有那种事吧。” ‖ ►狼与辛香料亭的老板罗伦斯笑着这么说。虽然他在此开立温泉旅馆十余年也仍被村人当作新人看待，但已十分习惯这里的生活。 ‖ 而周游列国修习神学的我，同样在这里一落脚就过了十余年。时光飞逝之快，实在教人感慨万千。 ‖ “那么，我就拿下去放了……希望这么大不会压垮架子。”	狼与辛香料亭的老板罗伦斯笑着这么说。虽然他在此开立温泉旅馆十余年也仍被村人当作新人看待，但已十分习惯这里的生活。	赫萝	0.55	赫萝			
2_13	羊皮纸与涂鸦	2	13	dialogue	unmarked	缪里	听我这么说，缪里也只是耸耸肩而已。 ‖ 我叹出心中疲惫，赫萝则是咯咯笑个不停。 ‖ “话说，咱家的老爷子上哪去啦？” ‖ ►“缪里硬拉阿尔沃村那个小弟来帮忙，所以罗伦斯先生去找骡子，顺便到人家村里去赔罪了。说是关系到以后的物资。” ‖ 纽希拉是个深山偏村，物资管道有限。要是和周边聚落交恶，说不定有些店家单单因此就要卷铺盖走人。 ‖ “没问题的啦。”	缪里硬拉阿尔沃村那个小弟来帮忙，所以罗伦斯先生去找骡子，顺便到人家村里去赔罪了。说是关系到以后的物资。	赫萝	0.40	赫萝			
2_39	羊皮纸与涂鸦	2	39	action	心理-推测	缪里	“……好啦。” ‖ 在这个家，地位次序十分明确。 ‖ 赫萝、罗伦斯、我、缪里。 ‖ ►但最近缪里爬升得相当显著，经常把我的话当耳边风，所幸赫萝总会伺机介入。就只有赫萝的吩咐，她一句都不敢违背。大概是森林的定则已烙在她血液之中了吧，在贤狼面前，年轻小狼乖得像幼犬一样。 ‖ “那么，准备好就到我房里来。” ‖ “好～”	但最近缪里爬升得相当显著，经常把我的话当耳边风，所幸赫萝总会伺机介入。就只有赫萝的吩咐，她一句都不敢违背。大概是森林的定则已烙在她血液之中了吧，在贤狼面前，年轻小狼乖得像幼犬一样。	缪里	0.40	缪里	赫萝		
1_6	苹果的红、天空的蓝	1	6	action	物理	赫萝	最后他还是在意这个原因而四处看去，马上就发现了。 ‖ 想必那个在床上擦着嘴的少女正是原因所在吧。 ‖ “你一直在吃个不停吗……吃了多少个？” ‖ ►拥有着连贵族都会羡慕的漂亮亚麻色头发，少女赫萝颤动着头上那人类不可能拥有的兽耳，弯曲着手指计算着。 ‖ “十……七，不对，是九吧。” ‖ “剩下的呢？”	拥有着连贵族都会羡慕的漂亮亚麻色头发，少女赫萝颤动着头上那人类不可能拥有的兽耳，弯曲着手指计算着。	赫萝	0.55	赫萝			
1_19	苹果的红、天空的蓝	1	19	action	心理-自指	赫萝	“那么，在叹了那样的一口气之后，你想说的到底是什么？” ‖ 罗伦斯在不动声色地拉开距离后回答道： ‖ “全部吃掉了没有？” ‖ ►罗伦斯若无其事地承受着赫萝的瞪眼，在他想将羊皮纸卷束起来时，想起了自己左腕无法使用的事情。 ‖ 那是因为在前几天的骚动中，不小心被小刀刺中了。 ‖ 但是也多亏了这场骚乱，让他和旅程中偶遇的赫萝结下了可以说是无价之宝的羁绊。	罗伦斯若无其事地承受着赫萝的瞪眼，在他想将羊皮纸卷束起来时，想起了自己左腕无法使用的事情。	罗伦斯	0.55	罗伦斯			
1_62	苹果的红、天空的蓝	1	62	dialogue	unmarked	赫萝	“你不是很自豪你的耳朵能分辨谎言吗？” ‖ 听到这句话，她的耳朵像是被人用指头弹了一般跳了一下，然后又后悔地拧起。 ‖ “苹果居然还能烤……咱真是无法想象。” ‖ ►“哈哈。不过这也是当然的啦。不过所谓的烤不是指插在签子上放到火上烤，而是像面包那样放到面包炉里高温烘烤。” ‖ “嗯……” ‖ 似乎光靠说还是无法清楚明白似的，赫萝只是歪着头一边艰难地啃着苹果。	哈哈。不过这也是当然的啦。不过所谓的烤不是指插在签子上放到火上烤，而是像面包那样放到面包炉里高温烘烤。	赫萝	0.40	赫萝			
1_67	苹果的红、天空的蓝	1	67	dialogue	anaphoric	赫萝	似乎光靠说还是无法清楚明白似的，赫萝只是歪着头一边艰难地啃着苹果。 ‖ “你从来没吃过苹果派这类东西吗？” ‖ 对于罗伦斯的询问，赫萝摇了摇头。 ‖ ►“也是呢，还是实际看一下更方便。嗯，烤过之后就会变得很柔软。打个不好的比方，就像是快要腐烂的苹果那样。” ‖ “嗯……” ‖ “可是呢，比起腐烂的东西的味道来说，烤过的苹果更加美味。生吃苹果会解渴对吧？而烤过的苹果会因为太过甜美反倒让你的喉咙更加干渴。”	也是呢，还是实际看一下更方便。嗯，烤过之后就会变得很柔软。打个不好的比方，就像是快要腐烂的苹果那样。	罗伦斯	0.55	罗伦斯			
5_75	苹果的红、天空的蓝	5	75	action	心理-推测	赫萝	“那样的话……” ‖ 店主再次翻身潜入衣服的山中开始寻宝。 ‖ 要方便换的话，就是类似斗篷的外套之类的东西。 ‖ ►有什么衣服能让赫萝看起来像是一般的城镇女子呢？罗伦斯一边看着店主的背影一边考虑着。然后，他的视线停留在一件衣服上。 ‖ “老板，这件是？” ‖ “嗯？”	有什么衣服能让赫萝看起来像是一般的城镇女子呢？罗伦斯一边看着店主的背影一边考虑着。然后，他的视线停留在一件衣服上。	赫萝	0.40	赫萝	罗伦斯		
1_4	金黄色的记忆	1	4	action	物理	罗伦斯	温泉乡纽希拉总算要告别漫漫长夜之际。 ‖ 罗伦斯一身聚满了好奇的目光。 ‖ “今天吹的是什么风呀，这不是狼与辛香料亭的老板吗？” ‖ ►山林里，天亮距离太阳露脸还有好一段时间。村里仍是一片昏暗，稍微有点距离就看不清别人的长相。在这种时候，聚集于村中一处窃窃私语的温泉旅馆女佣们突然聒噪起来，宛如发现乌鸦接近而大声警告同伴的鸽子。 ‖ 踏雪而来的罗伦斯呼著袅袅白烟，脸上挂着叹息般的暧昧笑容，放下背上的柴薪。 ‖ 每天值此熹微之时，旅馆女佣总会三五成群地聚在村里某处，譬如水车坊或井边等，而罗伦斯则是出现在全村共用的面包窑。	山林里，天亮距离太阳露脸还有好一段时间。村里仍是一片昏暗，稍微有点距离就看不清别人的长相。在这种时候，聚集于村中一处窃窃私语的温泉旅馆女佣们突然聒噪起来，宛如发现乌鸦接近而大声警告同伴的鸽子。	罗伦斯	0.30	罗伦斯			
1_31	金黄色的记忆	1	31	dialogue	unmarked	罗伦斯	她们一个个列出温泉旅馆老板的名字。有些名字带有异国风味，是由于在这村子经营温泉旅馆的人本来就是来自世界各地，或是他们的儿孙。 ‖ “这么说来，他该不会是想这样换到春天吧？” ‖ “真不晓得是哪里不满意，表情一直都很难看。” ‖ ►“对呀对呀，而且要求有够多，说什么要一大早出门就要我们弄午餐餐盒什么的，搞死人了。不过他出手倒是挺阔气……” ‖ “拜托，你可不要被钱冲昏头喽。我家老板在怀疑他是不是来我们村里刺探敌情的呢。” ‖ “哎呀，难道是打算在山的另一边盖温泉街的人派来的吗？”	对呀对呀，而且要求有够多，说什么要一大早出门就要我们弄午餐餐盒什么的，搞死人了。不过他出手倒是挺阔气……	罗伦斯	0.40	罗伦斯			
1_38	金黄色的记忆	1	38	action	心理-推测	罗伦斯	“也对。如果想盖新温泉旅馆，应该会尽可能在村里多绕绕才对。” ‖ 她们事先排练过似的一句接一句行云流水地聊，而且连语气都很接近，昏暗之中分不出是谁在说话。多半是每周都聚在这里烤面包，久了就同化了吧。 ‖ 罗伦斯望着她们谈话的模样，终于发现赫萝耍孩子脾气硬要赖床的可能原因。 ‖ ►她嫁作人妇不久，又是温泉旅馆的年轻老板娘，和身为雇员的她们不同。她们多半会有所顾忌，自己聊自己的吧。尽管那是考虑到彼此身份不同的结果，对赫萝而言还是很难受。 ‖ “不过啊，既然他住进了罗伦斯先生那里去，就表示他的旅馆行脚终于结束了吧。” ‖ 听到自己的名字，罗伦斯从思考中回神，同时在追溯话题脉络前加深脸上笑容。经验告诉他只要面带微笑，不管遇到什么问题都有得解。	她嫁作人妇不久，又是温泉旅馆的年轻老板娘，和身为雇员的她们不同。她们多半会有所顾忌，自己聊自己的吧。尽管那是考虑到彼此身份不同的结果，对赫萝而言还是很难受。	罗伦斯	0.40	罗伦斯	赫萝		
1_41	金黄色的记忆	1	41	dialogue	anaphoric	罗伦斯	她嫁作人妇不久，又是温泉旅馆的年轻老板娘，和身为雇员的她们不同。她们多半会有所顾忌，自己聊自己的吧。尽管那是考虑到彼此身份不同的结果，对赫萝而言还是很难受。 ‖ “不过啊，既然他住进了罗伦斯先生那里去，就表示他的旅馆行脚终于结束了吧。” ‖ 听到自己的名字，罗伦斯从思考中回神，同时在追溯话题脉络前加深脸上笑容。经验告诉他只要面带微笑，不管遇到什么问题都有得解。 ‖ ►“就算到了罗伦斯先生那，我看他还是会绷着一张铁面皮。别放在心上啊，他到哪间旅馆都一样。只是你作旅馆生意还没多久，遇到这种客人会很头疼吧……” ‖ “以前好像也有过这么偏执的怪客人耶。” ‖ “那时候你还很年轻……所以有二十年了吧。”	就算到了罗伦斯先生那，我看他还是会绷着一张铁面皮。别放在心上啊，他到哪间旅馆都一样。只是你作旅馆生意还没多久，遇到这种客人会很头疼吧……	罗伦斯	0.55	罗伦斯			
2_12	金黄色的记忆	2	12	action	心理-推测	罗伦斯	整袋面包也太夸张了吧？罗伦斯吓了一跳，而老人见状也察觉了什么般让步收手。为其反应讶异之余，罗伦斯用另一条袱巾包起三条刚出炉的小麦面包，观察著反应交给老人。老人依然不说话，稍微低头行礼就默默走人了。 ‖ 虽然表情凶巴巴的，但不是无礼之人。 ‖ 罗伦斯望着他的背影歪头寻思。他看来不像坏人，却散发着心事重重的压迫感。直到老人走下屋前斜坡而消失在林子后头，罗伦斯回到旅馆里，闻到餐厅传来的浓浓香气。 ‖ ►长桌上，摆着似乎已上桌一小段时间的早餐。有一大碗炖豆、炒厚培根片、几片起司，以及去年秋天进货到现在也没吃完的腌萝卜。从分量来看，汉娜替那位神秘客准备的餐盒应也是这阵容吧。肯定是嫌麻烦而连罗伦斯和赫萝的份一起做了。 ‖ 而摆了早餐的长桌边、有香味的地方，就一定有赫萝的身影。 ‖ “太慢了呗，香喷喷的早餐都凉掉了。”	长桌上，摆着似乎已上桌一小段时间的早餐。有一大碗炖豆、炒厚培根片、几片起司，以及去年秋天进货到现在也没吃完的腌萝卜。从分量来看，汉娜替那位神秘客准备的餐盒应也是这阵容吧。肯定是嫌麻烦而连罗伦斯和赫萝的份一起做了。	罗伦斯	0.40	罗伦斯	赫萝		
